281702012152,"Apple MacBook Pro 17"" Laptop - MA897LL/A (June, 2007)",EBAY-US,111422,Apple Laptops,http://thumbs1.ebaystatic.com/m/m_5qnGOAJDJjh6AmDiRk_-A/140.jpg,http://www.ebay.com/itm/Apple-MacBook-Pro-17-Laptop-MA897LL-A-June-2007-/281702012152?pt=LH_DefaultDomain_0,PayPal,false,48840,"Haslett,MI,USA",US,200.0,200.0,0,Active,P0DT0H36M17S,false,true,260.0,260.0,2015-05-25T02:02:56.000Z,2015-06-04T02:02:56.000Z,AuctionWithBIN,false,false,None,false,false
251980932652,Mid 2009 Mac Book Pro Serial WQ92878S66D OS Maverick 10.9 4 Gb Of Ram,EBAY-US,111422,Apple Laptops,http://thumbs1.ebaystatic.com/m/m7XrClXkdcyfOzoE_36CUvw/140.jpg,http://www.ebay.com/itm/Mid-2009-Mac-Book-Pro-Serial-WQ92878S66D-OS-Maverick-10-9-4-Gb-Ram-/251980932652?pt=LH_DefaultDomain_0,PayPal,true,19138,"Philadelphia,PA,USA",US,325.99,325.99,0,Active,P1DT9H48M19S,false,true,429.99,429.99,2015-06-02T23:15:17.000Z,2015-06-05T11:14:58.000Z,AuctionWithBIN,false,false,None,false,false
121664241468,"Apple MacBook Pro 15.4"" Laptop with Retina Display (February, 2013) - Customized",EBAY-US,111422,Apple Laptops,http://thumbs1.ebaystatic.com/m/mAGpzkrYpGsyV1XaMVLI8ZQ/140.jpg,http://www.ebay.com/itm/Apple-MacBook-Pro-15-4-Laptop-Retina-Display-February-2013-Customized-/121664241468?pt=LH_DefaultDomain_0,PayPal,true,44109,"Cleveland,OH,USA",US,700.0,700.0,0,Active,P1DT13H50M37S,false,true,1788.0,1788.0,2015-05-29T15:18:17.000Z,2015-06-05T15:17:16.000Z,AuctionWithBIN,false,true,None,false,false,143366736
251981194248,"Apple MacBook Pro 13.3"" Laptop (February, 2011) - Customized",EBAY-US,111422,Apple Laptops,http://thumbs1.ebaystatic.com/m/minl9VPij8yQeLf9I4e6JgA/140.jpg,http://www.ebay.com/itm/Apple-MacBook-Pro-13-3-Laptop-February-2011-Customized-/251981194248?pt=LH_DefaultDomain_0,PayPal,true,78737,"Austin,TX,USA",US,232.5,232.5,2,Active,P1DT14H27M51S,false,true,650.0,650.0,2015-06-02T15:54:30.000Z,2015-06-05T15:54:30.000Z,AuctionWithBIN,false,false,None,false,false,108796569
131527764798,"Apple MacBook Pro A1286 15.4"" Laptop - MD103LL/A (June, 2012)",EBAY-US,111422,Apple Laptops,http://thumbs3.ebaystatic.com/m/mWu71XQdesanXAgTbBOLdow/140.jpg,http://www.ebay.com/itm/Apple-MacBook-Pro-A1286-15-4-Laptop-MD103LL-A-June-2012-/131527764798?pt=LH_DefaultDomain_0,PayPal,true,30067,"Marietta,GA,USA",US,655.0,655.0,0,Active,P1DT14H32M37S,false,true,900.0,900.0,2015-06-02T15:59:16.000Z,2015-06-05T15:59:16.000Z,AuctionWithBIN,false,false,None,false,false,115231153
151697253201,"MacBook Pro 15"" Retina (Late 2013) MAX Processor 2.6GHz i7 16gb RAM 512GB SSD",EBAY-US,111422,Apple Laptops,http://thumbs2.ebaystatic.com/m/mGbgRo49NNDj-IOUWMErcoQ/140.jpg,http://www.ebay.com/itm/MacBook-Pro-15-Retina-Late-2013-MAX-Processor-2-6GHz-i7-16gb-RAM-512GB-SSD-/151697253201?pt=LH_DefaultDomain_0,PayPal,true,44236,"Hudson,OH,USA",US,1275.0,1275.0,26,Active,P1DT14H45M34S,false,true,1950.0,1950.0,2015-05-29T16:12:13.000Z,2015-06-05T16:12:13.000Z,AuctionWithBIN,false,false,None,false,false,115231153
291480047574,"Macbook Pro 15"" (mid 2009). 4GB ram - 500 GB hdd - 2.53 GHz Core2Duo",EBAY-US,111422,Apple Laptops,http://thumbs3.ebaystatic.com/m/mm9BhbL3kxRzkXSBwc3_2Uw/140.jpg,http://www.ebay.com/itm/Macbook-Pro-15-mid-2009-4GB-ram-500-GB-hdd-2-53-GHz-Core2Duo-/291480047574?pt=LH_DefaultDomain_0,PayPal,true,44312,"Akron,OH,USA",US,400.0,400.0,0,Active,P1DT15H42M9S,false,true,550.0,550.0,2015-05-31T17:08:48.000Z,2015-06-05T17:08:48.000Z,AuctionWithBIN,false,false,None,false,false,115231153
191591510211,"MacBook Pro 2.53GHz, 250 GB HDD, 4GB RAM MB991LL/A mid 2009",EBAY-US,111422,Apple Laptops,http://thumbs4.ebaystatic.com/m/mePN0i7_Un8hRknGw6LUO0A/140.jpg,http://www.ebay.com/itm/MacBook-Pro-2-53GHz-250-GB-HDD-4GB-RAM-MB991LL-A-mid-2009-/191591510211?pt=LH_DefaultDomain_0,PayPal,true,70005,"Metairie,LA,USA",US,200.0,200.0,0,Active,P2DT22H47M30S,false,true,449.0,449.0,2015-05-31T00:14:09.000Z,2015-06-07T00:14:09.000Z,AuctionWithBIN,false,false,None,false,false,108837583
171806974859,"Apple MacBook Pro 13"" Laptop (Mid-2012)",EBAY-US,111422,Apple Laptops,http://thumbs4.ebaystatic.com/m/mxr95ioqzQlZ_bUVlT68DqA/140.jpg,http://www.ebay.com/itm/Apple-MacBook-Pro-13-Laptop-Mid-2012-/171806974859?pt=LH_DefaultDomain_0,PayPal,false,02128,"Boston,MA,USA",US,599.99,599.99,0,Active,P1DT16H20M59S,false,true,799.99,799.99,2015-05-29T17:47:38.000Z,2015-06-05T17:47:38.000Z,AuctionWithBIN,false,false,None,false,false,115174685
301647373157,"17"" Macbook Pro Laptop, 256 SSD Hard Drive, 4GB RAM",EBAY-US,111422,Apple Laptops,http://thumbs2.ebaystatic.com/m/mDbK1CU4Ze-EuD--rXFz-Dw/140.jpg,http://www.ebay.com/itm/17-Macbook-Pro-Laptop-256-SSD-Hard-Drive-4GB-RAM-/301647373157?pt=LH_DefaultDomain_0,PayPal,false,78701,"Austin,TX,USA",US,500.0,500.0,0,Active,P0DT19H50M41S,false,true,650.0,650.0,2015-05-28T21:17:20.000Z,2015-06-04T21:17:20.000Z,AuctionWithBIN,false,false,None,false,false,115174685
191591958213,"Apple MacBook Pro 13.3"" Laptop (June, 2009) - used, good condition",EBAY-US,111422,Apple Laptops,http://thumbs2.ebaystatic.com/m/msuFYjLEB6c0aeVwxu7Jeug/140.jpg,http://www.ebay.com/itm/Apple-MacBook-Pro-13-3-Laptop-June-2009-used-good-condition-/191591958213?pt=LH_DefaultDomain_0,PayPal,false,76248,"Keller,TX,USA",US,249.99,249.99,0,Active,P1DT16H23M51S,false,true,349.99,349.99,2015-05-31T17:50:30.000Z,2015-06-05T17:50:30.000Z,AuctionWithBIN,false,true,None,false,false,108837583
111682670188,"Apple Macbook Pro 15"" Missing Hard Drive",EBAY-US,111422,Apple Laptops,http://thumbs1.ebaystatic.com/m/mzKNaPmyBeF9PeJYCIOqvPQ/140.jpg,http://www.ebay.com/itm/Apple-Macbook-Pro-15-Missing-Hard-Drive-/111682670188?pt=LH_DefaultDomain_0,PayPal,false,33173,"Miami,FL,USA",US,100.0,100.0,0,Active,P1DT17H10M2S,false,true,225.0,225.0,2015-05-29T18:36:41.000Z,2015-06-05T18:36:41.000Z,AuctionWithBIN,false,false,None,false,false,108837583
251981394637,Apple MacBook Pro Water Damaged Parts Only,EBAY-US,111422,Apple Laptops,http://thumbs2.ebaystatic.com/m/mqH_WaFv79mjwXsRpQ8mcGA/140.jpg,http://www.ebay.com/itm/Apple-MacBook-Pro-Water-Damaged-Parts-Only-/251981394637?pt=LH_DefaultDomain_0,PayPal,false,11590,"Westbury,NY,USA",US,75.0,75.0,0,Active,P1DT17H47M45S,false,true,125.0,125.0,2015-06-02T19:14:24.000Z,2015-06-05T19:14:24.000Z,AuctionWithBIN,false,false,None,false,false,108837583
161721321419,"Macbook Pro A1151. Works, But Videochip Needs To Be Replaced. I.e. For Parts.",EBAY-US,111422,Apple Laptops,http://thumbs4.ebaystatic.com/m/mdGh9gdLz2DVQaLdgX_rK0A/140.jpg,http://www.ebay.com/itm/Macbook-Pro-A1151-Works-But-Videochip-Needs-Replaced-I-e-Parts-/161721321419?pt=LH_DefaultDomain_0,PayPal,false,78759,"Austin,TX,USA",US,99.0,99.0,0,Active,P1DT17H51M29S,false,true,160.0,160.0,2015-05-31T19:18:08.000Z,2015-06-05T19:18:08.000Z,AuctionWithBIN,false,false,None,false,false,108837583
191590716885,"Apple MacBook Pro 15.4"" Laptop - 500 GB HARDRIVE - i7 QUAD-CORE - MC721LL/A",EBAY-US,111422,Apple Laptops,http://thumbs2.ebaystatic.com/m/mO2jH8YIpCGWF9Pdy-vXVJQ/140.jpg,http://www.ebay.com/itm/Apple-MacBook-Pro-15-4-Laptop-500-GB-HARDRIVE-i7-QUAD-CORE-MC721LL-A-/191590716885?pt=LH_DefaultDomain_0,PayPal,false,11234,"Brooklyn,NY,USA",US,530.0,530.0,0,Active,P1DT18H8M17S,false,true,850.0,850.0,2015-05-29T19:34:56.000Z,2015-06-05T19:34:56.000Z,AuctionWithBIN,false,false,None,false,false,108837583
261904667200,macbook pro 2011 13',EBAY-US,111422,Apple Laptops,http://thumbs1.ebaystatic.com/m/mUmcH0NpcfnN33E1LqpRaQg/140.jpg,http://www.ebay.com/itm/macbook-pro-2011-13-/261904667200?pt=LH_DefaultDomain_0,PayPal,false,85648,"Rio Rico,AZ,USA",US,450.0,450.0,0,Active,P2DT19H31M14S,false,true,800.0,800.0,2015-05-27T20:57:53.000Z,2015-06-06T20:57:53.000Z,AuctionWithBIN,false,false,None,false,false,108837583
231577579097,"Apple 13.3"" Laptop - ME866LL/A (October, 2013) i5/8/512",EBAY-US,111422,Apple Laptops,http://thumbs2.ebaystatic.com/m/mzaSdXpYhXwjBV-PIgA0G1Q/140.jpg,http://www.ebay.com/itm/Apple-13-3-Laptop-ME866LL-A-October-2013-i5-8-512-/231577579097?pt=LH_DefaultDomain_0,PayPal,false,22201,"Arlington,VA,USA",US,600.0,600.0,0,Active,P1DT18H13M38S,false,true,1100.0,1100.0,2015-05-29T19:40:17.000Z,2015-06-05T19:40:17.000Z,AuctionWithBIN,false,false,None,false,false,174532080
251979425991,"CHEAPEST! MacBook Pro 17"" Laptop Late 2006  2.16GHZ Intel Core 2 Duo 120GB 2GB",EBAY-US,111422,Apple Laptops,http://thumbs4.ebaystatic.com/m/mtR7ewoRAbxYYDr_81MoR0w/140.jpg,http://www.ebay.com/itm/CHEAPEST-MacBook-Pro-17-Laptop-Late-2006-2-16GHZ-Intel-Core-2-Duo-120GB-2GB-/251979425991?pt=LH_DefaultDomain_0,PayPal,false,07740,"Long Branch,NJ,USA",US,150.0,150.0,0,Active,P0DT3H18M45S,false,true,250.0,250.0,2015-06-01T04:45:24.000Z,2015-06-04T04:45:24.000Z,AuctionWithBIN,false,false,None,false,false,174532080
271886786368,"Apple MacBook Pro 15"" A1286 Mid 2010 i5 2.4Ghz 8GB DDR3 120gb EVO SSD 320gb HDD",EBAY-US,111422,Apple Laptops,http://thumbs1.ebaystatic.com/m/ma5-hNlgEZswhokIP95j6ew/140.jpg,http://www.ebay.com/itm/Apple-MacBook-Pro-15-A1286-Mid-2010-i5-2-4Ghz-8GB-DDR3-120gb-EVO-SSD-320gb-HDD-/271886786368?pt=LH_DefaultDomain_0,PayPal,false,02790,"Westport,MA,USA",US,549.0,549.0,0,Active,P1DT20H5M21S,false,true,715.0,715.0,2015-05-31T21:32:00.000Z,2015-06-05T21:32:00.000Z,AuctionWithBIN,false,false,None,false,false,108808476
251979197470,"Macbook Pro 13"" 2009",EBAY-US,111422,Apple Laptops,http://thumbs3.ebaystatic.com/m/mJxwo8zxL-utYbHwknRB0Rg/140.jpg,http://www.ebay.com/itm/Macbook-Pro-13-2009-/251979197470?pt=LH_DefaultDomain_0,PayPal,false,11757,"Lindenhurst,NY,USA",US,150.0,150.0,0,Active,P1DT22H12M46S,false,true,499.95,499.95,2015-05-31T23:39:25.000Z,2015-06-05T23:39:25.000Z,AuctionWithBIN,false,false,None,false,false,108808476
151699599286,"Apple MacBook Pro 13.3"" Laptop *8GB RAM* MB990LL/A (June, 2009)",EBAY-US,111422,Apple Laptops,http://thumbs3.ebaystatic.com/m/mIdgio_Z8A_xEvClku5nzJg/140.jpg,http://www.ebay.com/itm/Apple-MacBook-Pro-13-3-Laptop-8GB-RAM-MB990LL-A-June-2009-/151699599286?pt=LH_DefaultDomain_0,PayPal,false,90034,"Los Angeles,CA,USA",US,399.99,399.99,0,Active,P1DT22H19M1S,false,true,549.99,549.99,2015-05-31T23:45:40.000Z,2015-06-05T23:45:40.000Z,AuctionWithBIN,false,true,None,false,false,78092464
181758722466,"Apple MacBook Pro A1278 13.3"" Laptop - MD101LL/A (June, 2012)",EBAY-US,111422,Apple Laptops,http://thumbs3.ebaystatic.com/m/m3K2GbVjPus4JA7qb_dy_jQ/140.jpg,http://www.ebay.com/itm/Apple-MacBook-Pro-A1278-13-3-Laptop-MD101LL-A-June-2012-/181758722466?pt=LH_DefaultDomain_0,PayPal,true,20001,"Washington,District Of Columbia,USA",US,695.0,695.0,0,Active,P0DT2H20M23S,false,true,903.5,903.5,2015-05-28T03:47:02.000Z,2015-06-04T03:47:02.000Z,AuctionWithBIN,false,true,None,false,false,115174685
171808311784,"Apple MacBook Pro 15.4"" (February, 2011) - Refurbished",EBAY-US,111422,Apple Laptops,http://thumbs1.ebaystatic.com/m/mjDyFG6K_TP7LMCvgRBhm8Q/140.jpg,http://www.ebay.com/itm/Apple-MacBook-Pro-15-4-February-2011-Refurbished-/171808311784?pt=LH_DefaultDomain_0,PayPal,false,60657,"Chicago,IL,USA",US,550.0,550.0,0,Active,P2DT0H42M28S,false,true,800.0,800.0,2015-05-30T02:09:07.000Z,2015-06-06T02:09:07.000Z,AuctionWithBIN,false,false,None,false,false,208292445
201364797349,"Apple MacBook Pro 17"" (2006-2007) - Anti-Glare Screen -",EBAY-US,111422,Apple Laptops,http://thumbs2.ebaystatic.com/m/m4gTNUM2EyEcdxM2E1RTZ6g/140.jpg,http://www.ebay.com/itm/Apple-MacBook-Pro-17-2006-2007-Anti-Glare-Screen-/201364797349?pt=LH_DefaultDomain_0,PayPal,false,43228,"Columbus,OH,USA",US,130.0,130.0,0,Active,P2DT19H43M59S,false,true,170.0,170.0,2015-06-03T21:10:38.000Z,2015-06-06T21:10:38.000Z,AuctionWithBIN,false,false,None,false,false,108761094
251981734162,"Apple MacBook Pro A1398 15.4"" Laptop - MC976LL/A (June, 2012)",EBAY-US,111422,Apple Laptops,http://thumbs3.ebaystatic.com/m/ms7DRdboNvea5a2a-q9_z4A/140.jpg,http://www.ebay.com/itm/Apple-MacBook-Pro-A1398-15-4-Laptop-MC976LL-A-June-2012-/251981734162?pt=LH_DefaultDomain_0,PayPal,true,19018,"Clifton Heights,PA,USA",US,800.0,800.0,0,Active,P2DT0H51M20S,false,true,1400.0,1400.0,2015-06-03T02:17:59.000Z,2015-06-06T02:17:59.000Z,AuctionWithBIN,false,false,None,false,false,115139424
221791083160,"Apple MacBook Pro 15.4"" Antiglare Laptop 16 GB RAM 1T SSHD (2011) - Software",EBAY-US,111422,Apple Laptops,http://thumbs1.ebaystatic.com/m/mDWN2LL--yNe3a3cAinckIw/140.jpg,http://www.ebay.com/itm/Apple-MacBook-Pro-15-4-Antiglare-Laptop-16-GB-RAM-1T-SSHD-2011-Software-/221791083160?pt=LH_DefaultDomain_0,PayPal,true,44842,"Loudonville,OH,USA",US,695.0,695.0,0,Active,P2DT1H38M30S,false,true,995.0,995.0,2015-06-03T03:05:09.000Z,2015-06-06T03:05:09.000Z,AuctionWithBIN,false,true,None,false,false,110969698,NEW MOTHERBOARD OCT 2014!
171808392324,"Apple Macbook Pro (Retina, 13-inch, Late 2013)",EBAY-US,111422,Apple Laptops,http://thumbs1.ebaystatic.com/m/mGXiDDeWASQzs4KW2Y3v1QA/140.jpg,http://www.ebay.com/itm/Apple-Macbook-Pro-Retina-13-inch-Late-2013-/171808392324?pt=LH_DefaultDomain_0,PayPal,false,38201,"McKenzie,TN,USA",US,700.0,700.0,1,Active,P2DT1H55M47S,false,true,1099.0,1099.0,2015-05-30T03:22:26.000Z,2015-06-06T03:22:26.000Z,AuctionWithBIN,false,false,None,false,false,110969698,NEW MOTHERBOARD OCT 2014!
181760463337,"15"" MacBook Pro 2.66 Core 2 Duo, 8G RAM, 320 HD",EBAY-US,111422,Apple Laptops,http://thumbs2.ebaystatic.com/m/mIprv_JweeOZVyKNwMrYGZg/140.jpg,http://www.ebay.com/itm/15-MacBook-Pro-2-66-Core-2-Duo-8G-RAM-320-HD-/181760463337?pt=LH_DefaultDomain_0,PayPal,false,84015,"Clearfield,UT,USA",US,549.0,549.0,0,Active,P2DT2H11M3S,false,true,750.0,750.0,2015-05-30T03:37:42.000Z,2015-06-06T03:37:42.000Z,AuctionWithBIN,false,false,None,false,false,110969698,NEW MOTHERBOARD OCT 2014!
321773340322,"Apple MacBook Pro 15"" Laptop with Retina Display - MGXA2LL/A (Mid-2014)",EBAY-US,111422,Apple Laptops,http://thumbs3.ebaystatic.com/m/m1Uh9r0o8En8jn-51oD897g/140.jpg,http://www.ebay.com/itm/Apple-MacBook-Pro-15-Laptop-Retina-Display-MGXA2LL-A-Mid-2014-/321773340322?pt=LH_DefaultDomain_0,PayPal,false,02122,"Boston,MA,USA",US,750.0,750.0,0,Active,P2DT11H36M57S,false,true,1854.0,1854.0,2015-06-04T01:03:36.000Z,2015-06-06T13:03:36.000Z,AuctionWithBIN,false,false,None,false,false,203694364,NEW MOTHERBOARD OCT 2014!
321769811393,3 Macbook pro 15 Parts Only,EBAY-US,111422,Apple Laptops,http://thumbs2.ebaystatic.com/m/m8h_iGV67iYLzDFxk2PdIGA/140.jpg,http://www.ebay.com/itm/3-Macbook-pro-15-Parts-Only-/321769811393?pt=LH_DefaultDomain_0,PayPal,false,94303,"Palo Alto,CA,USA",US,100.0,100.0,0,Active,P2DT20H1M43S,false,true,225.0,225.0,2015-05-30T21:28:22.000Z,2015-06-06T21:28:22.000Z,AuctionWithBIN,false,false,None,false,false,203694364,NEW MOTHERBOARD OCT 2014!
321769508696,"MacBook Pro (13-inch, Mid 2009) 250GB 4GB Ram",EBAY-US,111422,Apple Laptops,http://thumbs1.ebaystatic.com/m/mXdr2SdT7bH_MKyVi1bh2Kg/140.jpg,http://www.ebay.com/itm/MacBook-Pro-13-inch-Mid-2009-250GB-4GB-Ram-/321769508696?pt=LH_DefaultDomain_0,PayPal,false,46321,"Munster,IN,USA",US,345.0,345.0,0,Active,P2DT12H12M58S,false,true,500.0,500.0,2015-05-30T13:39:37.000Z,2015-06-06T13:39:37.000Z,AuctionWithBIN,false,false,None,false,false,115174685,NEW MOTHERBOARD OCT 2014!
171808895022,"MacBook Pro 15"" Late 2013 Model OS X Yosemite",EBAY-US,111422,Apple Laptops,http://thumbs3.ebaystatic.com/m/mPZlfNmCNGFhYQJe9GGnSnQ/140.jpg,http://www.ebay.com/itm/MacBook-Pro-15-Late-2013-Model-OS-X-Yosemite-/171808895022?pt=LH_DefaultDomain_0,PayPal,false,46975,"Rochester,IN,USA",US,1009.0,1009.0,40,Active,P2DT12H23M4S,false,true,1800.0,1800.0,2015-05-30T13:49:43.000Z,2015-06-06T13:49:43.000Z,AuctionWithBIN,false,false,None,false,false,115174685,Dual Core i7 8gb 750gb HD Thunderbolt
271887437072,"Apple MacBook Pro 13.3"" Laptop - (October, 2011)",EBAY-US,111422,Apple Laptops,http://thumbs1.ebaystatic.com/m/mP0m-0hkPLNWe8DuY6QRDIw/140.jpg,http://www.ebay.com/itm/Apple-MacBook-Pro-13-3-Laptop-October-2011-/271887437072?pt=LH_DefaultDomain_0,PayPal,false,37321,"Dayton,TN,USA",US,400.0,400.0,0,Active,P2DT12H46M24S,false,true,600.0,600.0,2015-06-01T14:13:03.000Z,2015-06-06T14:13:03.000Z,AuctionWithBIN,false,false,None,false,false,110891711,Dual Core i7 8gb 750gb HD Thunderbolt
191591306435,"15.4"" MacBook Pro Mid 2009 Broken For Parts Repair",EBAY-US,111422,Apple Laptops,http://thumbs4.ebaystatic.com/m/mfs-OTuDltukEzweh2oWnOA/140.jpg,http://www.ebay.com/itm/15-4-MacBook-Pro-Mid-2009-Broken-Parts-Repair-/191591306435?pt=LH_DefaultDomain_0,PayPal,false,85710,"Tucson,AZ,USA",US,0.99,0.99,1,Active,P2DT14H0M26S,false,true,249.99,249.99,2015-05-30T15:27:05.000Z,2015-06-06T15:27:05.000Z,AuctionWithBIN,false,false,None,false,false,108850068,Dual Core i7 8gb 750gb HD Thunderbolt
171814128248,"Awesome  MacBook Pro 15"" 2.2 500GB |CS6 Master|FCPX |OffX|Good BATTERY FREEShip",EBAY-US,111422,Apple Laptops,http://thumbs1.ebaystatic.com/m/mZZpBf-KyX2nsngerZIroaw/140.jpg,http://www.ebay.com/itm/Awesome-MacBook-Pro-15-2-2-500GB-CS6-Master-FCPX-OffX-Good-BATTERY-FREEShip-/171814128248?pt=LH_DefaultDomain_0,PayPal,false,90210,"Beverly Hills,CA,USA",US,599.99,599.99,0,Active,P0DT13H5M9S,false,true,799.99,799.99,2015-06-03T14:31:48.000Z,2015-06-04T14:31:48.000Z,AuctionWithBIN,false,false,None,false,false,108850068,Dual Core i7 8gb 750gb HD Thunderbolt
141679091181,"Apple MacBook Pro 15.4"" Laptop.2.4GHz. 2GB.",EBAY-US,111422,Apple Laptops,http://thumbs2.ebaystatic.com/m/m7X5htTLkLiPw2Blr7aD75Q/140.jpg,http://www.ebay.com/itm/Apple-MacBook-Pro-15-4-Laptop-2-4GHz-2GB-/141679091181?pt=LH_DefaultDomain_0,PayPal,true,93726,"Fresno,CA,USA",US,100.0,100.0,0,Active,P0DT14H19M37S,false,true,300.0,300.0,2015-05-28T15:46:16.000Z,2015-06-04T15:46:16.000Z,AuctionWithBIN,false,false,None,false,false,78135889,Dual Core i7 8gb 750gb HD Thunderbolt
251972453877,"Apple MacBook Pro 15"" Laptop Retina 2.3 GHz Intel Core i7, 2.30GHz",EBAY-US,111422,Apple Laptops,http://thumbs2.ebaystatic.com/m/mWbJQnoECtMAGVnff2hDfPg/140.jpg,http://www.ebay.com/itm/Apple-MacBook-Pro-15-Laptop-Retina-2-3-GHz-Intel-Core-i7-2-30GHz-/251972453877?pt=LH_DefaultDomain_0,PayPal,true,10026,"New York,NY,USA",US,940.0,940.0,40,Active,P0DT14H20M32S,false,true,1980.0,1980.0,2015-05-25T15:47:11.000Z,2015-06-04T15:47:11.000Z,AuctionWithBIN,false,true,None,false,false,78135889,Dual Core i7 8gb 750gb HD Thunderbolt
201359813416,"Apple Macbook Pro Retina 13"" Late 2013 A1502 2.4GHz Core i5 4GB RAM 128GB HD",EBAY-US,111422,Apple Laptops,http://thumbs1.ebaystatic.com/m/mziaBOCy5P2N7LvovWgahkA/140.jpg,http://www.ebay.com/itm/Apple-Macbook-Pro-Retina-13-Late-2013-A1502-2-4GHz-Core-i5-4GB-RAM-128GB-HD-/201359813416?pt=LH_DefaultDomain_0,PayPal,true,48370,"Oxford,MI,USA",US,700.0,700.0,0,Active,P0DT22H7M39S,false,true,1200.0,1200.0,2015-05-28T23:34:18.000Z,2015-06-04T23:34:18.000Z,AuctionWithBIN,false,false,None,false,false,174477594,Dual Core i7 8gb 750gb HD Thunderbolt
261913909242,"Macbook pro 13"" In Near Perfect Condition. Boot Camped With Windows 7.",EBAY-US,111422,Apple Laptops,http://thumbs3.ebaystatic.com/m/mxQS2-Ua03ZqS4bqKd1GO7Q/140.jpg,http://www.ebay.com/itm/Macbook-pro-13-Near-Perfect-Condition-Boot-Camped-Windows-7-/261913909242?pt=LH_DefaultDomain_0,PayPal,false,93657,"Sanger,CA,USA",US,499.0,499.0,0,Active,P0DT14H56M10S,false,true,900.0,900.0,2015-06-03T16:22:49.000Z,2015-06-04T16:22:49.000Z,AuctionWithBIN,false,false,None,false,false,174477594,Dual Core i7 8gb 750gb HD Thunderbolt
231576498448,Broken Macbook pro a1278,EBAY-US,111422,Apple Laptops,http://thumbs1.ebaystatic.com/m/mW17h9li_SX0jeHPUsBM1Bw/140.jpg,http://www.ebay.com/itm/Broken-Macbook-pro-a1278-/231576498448?pt=LH_DefaultDomain_0,PayPal,false,30315,"Atlanta,GA,USA",US,20.5,20.5,8,Active,P0DT15H26M9S,false,true,250.0,250.0,2015-05-28T16:52:48.000Z,2015-06-04T16:52:48.000Z,AuctionWithBIN,false,false,None,false,false,174477594,Dual Core i7 8gb 750gb HD Thunderbolt
271887709980,Macbook Pro 2007 2Gb Ram 160Gb Storage 2.4 Ghz,EBAY-US,111422,Apple Laptops,http://thumbs1.ebaystatic.com/m/m4Sr5ft9i8GeGxY_wso4_3g/140.jpg,http://www.ebay.com/itm/Macbook-Pro-2007-2Gb-Ram-160Gb-Storage-2-4-Ghz-/271887709980?pt=LH_DefaultDomain_0,PayPal,true,02118,"Boston,MA,USA",US,0.99,0.99,2,Active,P2DT16H39M27S,false,true,150.0,150.0,2015-06-02T06:06:19.000Z,2015-06-06T18:06:06.000Z,AuctionWithBIN,false,false,None,false,false,174477594,Dual Core i7 8gb 750gb HD Thunderbolt
221789740481,"Apple MacBook Pro 13.3"" Laptop - MD313LL/A (October, 2011)",EBAY-US,111422,Apple Laptops,http://thumbs2.ebaystatic.com/m/mtnxCbOIwrrOe8ddqOkZ8ew/140.jpg,http://www.ebay.com/itm/Apple-MacBook-Pro-13-3-Laptop-MD313LL-A-October-2011-/221789740481?pt=LH_DefaultDomain_0,PayPal,false,52245,"Iowa City,IA,USA",US,400.0,400.0,0,Active,P0DT16H51M50S,false,true,600.0,600.0,2015-06-01T18:18:29.000Z,2015-06-04T18:18:29.000Z,AuctionWithBIN,false,false,None,false,false,110891711,Dual Core i7 8gb 750gb HD Thunderbolt
181761046566,"CUSTOM - 13"" Retina MacBook Pro - Late 2013 - 16 GB, 2.60GHz, 512GB, Intel i5",EBAY-US,111422,Apple Laptops,http://thumbs3.ebaystatic.com/m/mzz5MItkQj_1lOCaoBjpzZQ/140.jpg,http://www.ebay.com/itm/CUSTOM-13-Retina-MacBook-Pro-Late-2013-16-GB-2-60GHz-512GB-Intel-i5-/181761046566?pt=LH_DefaultDomain_0,PayPal,false,27109,"Winston-Salem,NC,USA",US,1299.0,1299.0,0,Active,P0DT17H16M36S,false,true,1799.99,1799.99,2015-05-30T18:43:15.000Z,2015-06-04T18:43:15.000Z,AuctionWithBIN,false,false,None,false,false,110891711,Dual Core i7 8gb 750gb HD Thunderbolt
281711564618,"Apple MacBook Pro 15"" Intel core i7 (Mid 2010) 2.66GHz , 8GB, 1TB HDD, Yosemite",EBAY-US,111422,Apple Laptops,http://thumbs3.ebaystatic.com/m/mcPAFycyssFJxeqHciJ6P8g/140.jpg,http://www.ebay.com/itm/Apple-MacBook-Pro-15-Intel-core-i7-Mid-2010-2-66GHz-8GB-1TB-HDD-Yosemite-/281711564618?pt=LH_DefaultDomain_0,PayPal,true,94309,"Palo Alto,CA,USA",US,599.0,599.0,0,Active,P0DT22H21M19S,false,true,779.0,779.0,2015-06-03T23:47:58.000Z,2015-06-04T23:47:58.000Z,AuctionWithBIN,false,true,None,false,false,110969698,Dual Core i7 8gb 750gb HD Thunderbolt
261901736910,"Apple MacBook Pro 15.4"" Laptop (April, 2010) - Customized",EBAY-US,111422,Apple Laptops,http://thumbs3.ebaystatic.com/m/me7FVrQZ0JP4bqWpKFb0mCw/140.jpg,http://www.ebay.com/itm/Apple-MacBook-Pro-15-4-Laptop-April-2010-Customized-/261901736910?pt=LH_DefaultDomain_0,PayPal,false,30052,"Loganville,GA,USA",US,400.0,400.0,0,Active,P0DT17H31M46S,false,true,550.0,550.0,2015-05-25T18:58:25.000Z,2015-06-04T18:58:25.000Z,AuctionWithBIN,false,false,None,false,false,108808476,Dual Core i7 8gb 750gb HD Thunderbolt
121668928353,"Apple MacBook Pro 13.3"" Laptop with Retina Display - MGX72LL/A (Mid-2014)",EBAY-US,111422,Apple Laptops,http://thumbs2.ebaystatic.com/m/m3zYNTaiGMIrubMNLJGP35g/140.jpg,http://www.ebay.com/itm/Apple-MacBook-Pro-13-3-Laptop-Retina-Display-MGX72LL-A-Mid-2014-/121668928353?pt=LH_DefaultDomain_0,PayPal,true,50613,"Cedar Falls,IA,USA",US,600.0,600.0,0,Active,P2DT19H11M1S,false,true,950.0,950.0,2015-06-03T20:37:40.000Z,2015-06-06T20:37:40.000Z,AuctionWithBIN,false,false,None,false,false,203733933,"Macbook Pro Retina dispay 13.3""  Cheap Cheap Cheap"
231580874026,"Apple Macbook Pro 15"" 2.53GHz i5 4GB RAM 500 GB HDD YOSEMITE & NEW BATTERY",EBAY-US,111422,Apple Laptops,http://thumbs3.ebaystatic.com/m/mAxDf_EmhfYHEqhDrP5twXw/140.jpg,http://www.ebay.com/itm/Apple-Macbook-Pro-15-2-53GHz-i5-4GB-RAM-500-GB-HDD-YOSEMITE-NEW-BATTERY-/231580874026?pt=LH_DefaultDomain_0,PayPal,true,48933,"Lansing,MI,USA",US,600.0,600.0,0,Active,P2DT19H19M44S,false,true,1400.0,1400.0,2015-06-01T20:46:23.000Z,2015-06-06T20:46:23.000Z,AuctionWithBIN,false,false,None,false,false,203733933,"Macbook Pro Retina dispay 13.3""  Cheap Cheap Cheap"
301649010386,Perfect Apple MacBook Pro UPGRADED Solid State Drive & Remote!! 30 Day Guarantee,EBAY-US,111422,Apple Laptops,http://thumbs3.ebaystatic.com/m/mWsI6jLzkyqYRv6gX91wLzw/140.jpg,http://www.ebay.com/itm/Perfect-Apple-MacBook-Pro-UPGRADED-Solid-State-Drive-Remote-30-Day-Guarantee-/301649010386?pt=LH_DefaultDomain_0,PayPal,false,20772,"Upper Marlboro,MD,USA",US,245.0,245.0,0,Active,P0DT20H59M35S,false,true,335.0,335.0,2015-05-30T22:26:14.000Z,2015-06-04T22:26:14.000Z,AuctionWithBIN,false,true,None,false,false,203733933,"Macbook Pro Retina dispay 13.3""  Cheap Cheap Cheap"
151698499582,"15.4"" MacBook Pro with LED Retina Display, Keyboard & Mouse!!",EBAY-US,111422,Apple Laptops,http://thumbs3.ebaystatic.com/m/mitCumgw4VO5u5jemoPf6Bw/140.jpg,http://www.ebay.com/itm/15-4-MacBook-Pro-LED-Retina-Display-Keyboard-Mouse-/151698499582?pt=LH_DefaultDomain_0,PayPal,false,53144,"Kenosha,WI,USA",US,1999.0,1999.0,0,Active,P0DT21H2M44S,false,true,2599.0,2599.0,2015-05-30T22:29:23.000Z,2015-06-04T22:29:23.000Z,AuctionWithBIN,false,false,None,false,false,203733933,"Macbook Pro Retina dispay 13.3""  Cheap Cheap Cheap"
221783088376,"Apple MacBook Pro 15.4""    2.3 GHZ Intel Corel 7 Laptop (June, 2012) -",EBAY-US,111422,Apple Laptops,http://thumbs1.ebaystatic.com/m/mr1dcCpxCmPGvB-44o_ddAA/140.jpg,http://www.ebay.com/itm/Apple-MacBook-Pro-15-4-2-3-GHZ-Intel-Corel-7-Laptop-June-2012-/221783088376?pt=LH_DefaultDomain_0,PayPal,false,08879,"South Amboy,NJ,USA",US,650.0,650.0,0,Active,P0DT21H31M34S,false,true,900.0,900.0,2015-05-25T22:58:13.000Z,2015-06-04T22:58:13.000Z,AuctionWithBIN,false,false,None,false,false,203733933,"Macbook Pro Retina dispay 13.3""  Cheap Cheap Cheap"
121667208222,"Apple MacBook Pro 17"" (2011) - 2.3Ghz i7 - 16GB RAM - 750GB HD - Original Owner!",EBAY-US,111422,Apple Laptops,http://thumbs3.ebaystatic.com/m/maAguIwGfTPAqA9K9ZwldDQ/140.jpg,http://www.ebay.com/itm/Apple-MacBook-Pro-17-2011-2-3Ghz-i7-16GB-RAM-750GB-HD-Original-Owner-/121667208222?pt=LH_DefaultDomain_0,PayPal,false,91010,"Duarte,CA,USA",US,999.99,999.99,0,Active,P2DT20H47M30S,false,true,1500.0,1500.0,2015-06-01T22:14:09.000Z,2015-06-06T22:14:09.000Z,AuctionWithBIN,false,true,None,false,false,203733933,"Macbook Pro Retina dispay 13.3""  Cheap Cheap Cheap"
161722654036,"Apple MacBook Pro 17"" Laptop - MB166LL/A (February, 2008)",EBAY-US,111422,Apple Laptops,http://thumbs1.ebaystatic.com/m/mtnkkhQOzfWhz6dYoM6FccA/140.jpg,http://www.ebay.com/itm/Apple-MacBook-Pro-17-Laptop-MB166LL-A-February-2008-/161722654036?pt=LH_DefaultDomain_0,PayPal,false,07719,"Belmar,NJ,USA",US,135.0,135.0,0,Active,P0DT22H44M0S,false,true,250.0,250.0,2015-06-02T00:10:39.000Z,2015-06-05T00:10:39.000Z,AuctionWithBIN,false,false,None,false,false,78157550,"Macbook Pro Retina dispay 13.3""  Cheap Cheap Cheap"
171809378768,Macbook pro 13 inch mid 2009,EBAY-US,111422,Apple Laptops,http://thumbs1.ebaystatic.com/m/mR4_5lpPeO0N8sXwMUuSKEA/140.jpg,http://www.ebay.com/itm/Macbook-pro-13-inch-mid-2009-/171809378768?pt=LH_DefaultDomain_0,PayPal,false,78542,"Edinburg,TX,USA",US,289.99,289.99,0,Active,P2DT20H48M57S,false,true,389.99,389.99,2015-05-31T10:15:44.000Z,2015-06-06T22:15:36.000Z,AuctionWithBIN,false,false,None,false,false,78157550,"Macbook Pro Retina dispay 13.3""  Cheap Cheap Cheap"
221791877948,"Apple MacBook Pro 15"" Laptop with Retina Display - MGXA2LL/A (Mid-2014)",EBAY-US,111422,Apple Laptops,http://thumbs1.ebaystatic.com/m/mrrXrmcYJFr1R4FjE9ACe9w/140.jpg,http://www.ebay.com/itm/Apple-MacBook-Pro-15-Laptop-Retina-Display-MGXA2LL-A-Mid-2014-/221791877948?pt=LH_DefaultDomain_0,PayPal,false,99501,"Anchorage,AK,USA",US,1700.0,1700.0,0,Active,P2DT20H55M21S,false,true,2300.0,2300.0,2015-06-03T22:22:00.000Z,2015-06-06T22:22:00.000Z,AuctionWithBIN,false,false,None,false,false,203694364,"Macbook Pro Retina dispay 13.3""  Cheap Cheap Cheap"
391157436457,"Apple MacBook Pro 13"" Early, 2011 Intel i5 2.30GHz 4GB 320GB OS 10.8.5 MC700LL/A",EBAY-US,111422,Apple Laptops,http://thumbs2.ebaystatic.com/m/m-dDt304Bw5GAP2af4_q8sA/140.jpg,http://www.ebay.com/itm/Apple-MacBook-Pro-13-Early-2011-Intel-i5-2-30GHz-4GB-320GB-OS-10-8-5-MC700LL-A-/391157436457?pt=LH_DefaultDomain_0,PayPal,true,90016,"Los Angeles,CA,USA",US,399.0,399.0,0,Active,P0DT23H19M17S,false,true,519.0,519.0,2015-05-29T00:45:56.000Z,2015-06-05T00:45:56.000Z,AuctionWithBIN,false,true,None,false,true,99741550,PLEASE READ FULL DESCRIPTION AND SEE ALL PICTURES!,http://galleryplus.ebayimg.com/ws/web/391157436457_1_0_1.jpg
201363295528,"Apple MacBook Pro 13.3"" Laptop (April, 2010)",EBAY-US,111422,Apple Laptops,http://thumbs1.ebaystatic.com/m/mUTR59KI--vAcGtpjJjXg1Q/140.jpg,http://www.ebay.com/itm/Apple-MacBook-Pro-13-3-Laptop-April-2010-/201363295528?pt=LH_DefaultDomain_0,PayPal,true,30022,"Alpharetta,GA,USA",US,90.0,90.0,0,Active,P0DT23H41M15S,false,true,320.0,320.0,2015-06-02T13:07:54.000Z,2015-06-05T01:07:54.000Z,AuctionWithBIN,false,false,None,false,false,108850048,PLEASE READ FULL DESCRIPTION AND SEE ALL PICTURES!,http://galleryplus.ebayimg.com/ws/web/391157436457_1_0_1.jpg
301649083726,Early 2011 Macbook Pro 15-inch 500 GB hard drive,EBAY-US,111422,Apple Laptops,http://thumbs3.ebaystatic.com/m/mIWzTQ-8x3AwvBI9iZUherA/140.jpg,http://www.ebay.com/itm/Early-2011-Macbook-Pro-15-inch-500-GB-hard-drive-/301649083726?pt=LH_DefaultDomain_0,PayPal,false,93312,"Bakersfield,CA,USA",US,650.0,650.0,0,Active,P2DT21H58M51S,false,true,850.0,850.0,2015-05-30T23:25:30.000Z,2015-06-06T23:25:30.000Z,AuctionWithBIN,false,false,None,false,false,108850048,PLEASE READ FULL DESCRIPTION AND SEE ALL PICTURES!,http://galleryplus.ebayimg.com/ws/web/391157436457_1_0_1.jpg
391156531242,"Apple MacBook Pro 13.3"" Laptop - MC700LL/A (February, 2011) 2.3GHz i5 8GB",EBAY-US,111422,Apple Laptops,http://thumbs3.ebaystatic.com/m/mucVUGhydMXOGFA8p5gv0mQ/140.jpg,http://www.ebay.com/itm/Apple-MacBook-Pro-13-3-Laptop-MC700LL-A-February-2011-2-3GHz-i5-8GB-/391156531242?pt=LH_DefaultDomain_0,PayPal,false,30127,"Powder Springs,GA,USA",US,410.0,410.0,15,Active,P2DT21H15M21S,false,true,699.0,699.0,2015-05-27T22:42:00.000Z,2015-06-06T22:42:00.000Z,AuctionWithBIN,false,true,None,false,false,99741550,PLEASE READ FULL DESCRIPTION AND SEE ALL PICTURES!,http://galleryplus.ebayimg.com/ws/web/391157436457_1_0_1.jpg
321771962050,"A fully working Apple MacBook Pro 15.4"" Laptop - MA464LL/A (January, 2006)",EBAY-US,111422,Apple Laptops,http://thumbs3.ebaystatic.com/m/mzVDuxHv8HDhZCTRXcbxK6A/140.jpg,http://www.ebay.com/itm/fully-working-Apple-MacBook-Pro-15-4-Laptop-MA464LL-A-January-2006-/321771962050?pt=LH_DefaultDomain_0,PayPal,true,27858,"Greenville,NC,USA",US,89.0,89.0,0,Active,P2DT22H25M35S,false,true,299.0,299.0,2015-06-01T23:52:14.000Z,2015-06-06T23:52:14.000Z,AuctionWithBIN,false,false,None,false,false,78135789,PLEASE READ FULL DESCRIPTION AND SEE ALL PICTURES!,http://galleryplus.ebayimg.com/ws/web/391157436457_1_0_1.jpg
201363090823,"Apple MacBook Pro 2.8GHz Core 2 Duo 15"" (MB986LL/A) 8GB 500GB AS-IS NO BATTERY",EBAY-US,111422,Apple Laptops,http://thumbs4.ebaystatic.com/m/m1zY3Gd6bv9KnPZJmwWGabQ/140.jpg,http://www.ebay.com/itm/Apple-MacBook-Pro-2-8GHz-Core-2-Duo-15-MB986LL-A-8GB-500GB-AS-IS-NO-BATTERY-/201363090823?pt=LH_DefaultDomain_0,PayPal,true,27858,USA,US,179.11,179.11,0,Active,P2DT22H33M26S,false,true,375.59,375.59,2015-06-02T00:00:05.000Z,2015-06-07T00:00:05.000Z,AuctionWithBIN,false,false,None,false,false,108850068,PLEASE READ FULL DESCRIPTION AND SEE ALL PICTURES!,http://galleryplus.ebayimg.com/ws/web/391157436457_1_0_1.jpg
231583005546,"Apple MacBook Pro 2.5GHz Core 2 Duo 17"" (MB166LL/A) 2GB 250GB AS-IS NO BATTERY",EBAY-US,111422,Apple Laptops,http://thumbs3.ebaystatic.com/m/mPwLpMebIZxpttwXftqRvDA/140.jpg,http://www.ebay.com/itm/Apple-MacBook-Pro-2-5GHz-Core-2-Duo-17-MB166LL-A-2GB-250GB-AS-IS-NO-BATTERY-/231583005546?pt=LH_DefaultDomain_0,PayPal,true,27858,USA,US,69.54,69.54,0,Active,P2DT22H33M28S,false,true,155.55,155.55,2015-06-04T00:00:07.000Z,2015-06-07T00:00:07.000Z,AuctionWithBIN,false,false,None,false,false,108849327,PLEASE READ FULL DESCRIPTION AND SEE ALL PICTURES!,http://galleryplus.ebayimg.com/ws/web/391157436457_1_0_1.jpg
281704804569,"Apple MacBook Pro 15.4"" Laptop (April, 2010)",EBAY-US,111422,Apple Laptops,http://thumbs2.ebaystatic.com/m/mJ6vkaMUsbCP-1l7JpWPz2g/140.jpg,http://www.ebay.com/itm/Apple-MacBook-Pro-15-4-Laptop-April-2010-/281704804569?pt=LH_DefaultDomain_0,PayPal,false,46323,"Hammond,IN,USA",US,350.0,350.0,0,Active,P0DT3H18M27S,false,true,750.0,750.0,2015-05-28T04:45:06.000Z,2015-06-04T04:45:06.000Z,AuctionWithBIN,false,true,None,false,false,108808476,PLEASE READ FULL DESCRIPTION AND SEE ALL PICTURES!,http://galleryplus.ebayimg.com/ws/web/391157436457_1_0_1.jpg
251976342652,"Apple MacBook Pro 15.4"" Retina (2013)-2.4G i7-256SSD-8G RAM-Loaded apps-Applecar",EBAY-US,111422,Apple Laptops,http://thumbs1.ebaystatic.com/m/mWb7Tbv9riSxI6SONvGzqEg/140.jpg,http://www.ebay.com/itm/Apple-MacBook-Pro-15-4-Retina-2013-2-4G-i7-256SSD-8G-RAM-Loaded-apps-Applecar-/251976342652?pt=LH_DefaultDomain_0,PayPal,true,37876,"Sevierville,TN,USA",US,999.0,999.0,0,Active,P1DT1H58M53S,false,true,1299.0,1299.0,2015-05-29T03:25:32.000Z,2015-06-05T03:25:32.000Z,AuctionWithBIN,false,false,None,false,false,108808476,PLEASE READ FULL DESCRIPTION AND SEE ALL PICTURES!,http://galleryplus.ebayimg.com/ws/web/391157436457_1_0_1.jpg
121661298550,"Apple MacBook Pro 15.4"" Laptop (June, 2012) - Used and in great condition",EBAY-US,111422,Apple Laptops,http://thumbs3.ebaystatic.com/m/mkRqUgqlHma5D5vAIl94tNQ/140.jpg,http://www.ebay.com/itm/Apple-MacBook-Pro-15-4-Laptop-June-2012-Used-and-great-condition-/121661298550?pt=LH_DefaultDomain_0,PayPal,false,27514,"Chapel Hill,NC,USA",US,680.0,680.0,0,Active,P1DT2H4M25S,false,true,900.0,900.0,2015-05-26T03:31:04.000Z,2015-06-05T03:31:04.000Z,AuctionWithBIN,false,false,None,false,false,115246488,PLEASE READ FULL DESCRIPTION AND SEE ALL PICTURES!,http://galleryplus.ebayimg.com/ws/web/391157436457_1_0_1.jpg
151700885911,"Apple Macbook Pro 15"" A1260 Intel Core2 Dua@2.4ghz 4gb Ram 500 GB Hdd Wifi Dvd",EBAY-US,111422,Apple Laptops,http://thumbs4.ebaystatic.com/m/m2Y6BlUf-7weGgY5U3BnNCA/140.jpg,http://www.ebay.com/itm/Apple-Macbook-Pro-15-A1260-Intel-Core2-Dua-2-4ghz-4gb-Ram-500-GB-Hdd-Wifi-Dvd-/151700885911?pt=LH_DefaultDomain_0,PayPal,true,19116,"Philadelphia,PA,USA",US,200.0,200.0,0,Active,P1DT2H9M31S,false,true,300.0,300.0,2015-06-02T15:36:15.000Z,2015-06-05T03:36:10.000Z,AuctionWithBIN,false,false,None,false,false,115246488,PLEASE READ FULL DESCRIPTION AND SEE ALL PICTURES!,http://galleryplus.ebayimg.com/ws/web/391157436457_1_0_1.jpg
141680587061,"Macbook Pro 15"" 2012 2.6 GHz i7, 8GB 1600 MHz DDR3 750GB Hard Drive",EBAY-US,111422,Apple Laptops,http://thumbs2.ebaystatic.com/m/mcc0Ngj0r3RdJf5QvKC1Spw/140.jpg,http://www.ebay.com/itm/Macbook-Pro-15-2012-2-6-GHz-i7-8GB-1600-MHz-DDR3-750GB-Hard-Drive-/141680587061?pt=LH_DefaultDomain_0,PayPal,false,30338,"Atlanta,GA,USA",US,900.0,900.0,0,Active,P0DT13H1M22S,false,true,1200.0,1200.0,2015-05-30T14:28:01.000Z,2015-06-04T14:28:01.000Z,AuctionWithBIN,false,false,None,false,false,115246488,PLEASE READ FULL DESCRIPTION AND SEE ALL PICTURES!,http://galleryplus.ebayimg.com/ws/web/391157436457_1_0_1.jpg
301647563804,"Apple MacBook Pro 15"" 2.4GHz Core 2 Duo 2GB 200GB 10.6.8 A1260! Orig. owner!",EBAY-US,111422,Apple Laptops,http://thumbs1.ebaystatic.com/m/m9Tae_5-vpyzTNhRPiNeGcw/140.jpg,http://www.ebay.com/itm/Apple-MacBook-Pro-15-2-4GHz-Core-2-Duo-2GB-200GB-10-6-8-A1260-Orig-owner-/301647563804?pt=LH_DefaultDomain_0,PayPal,false,22601,"Winchester,VA,USA",US,190.0,190.0,0,Active,P1DT2H20M36S,false,true,250.0,250.0,2015-05-29T03:47:15.000Z,2015-06-05T03:47:15.000Z,AuctionWithBIN,false,false,None,false,false,115246488,PLEASE READ FULL DESCRIPTION AND SEE ALL PICTURES!,http://galleryplus.ebayimg.com/ws/web/391157436457_1_0_1.jpg
161720348883,"Apple MacBook Pro 15.4"" ME294LL/A Late 2013 **MINT** 16GB i7 512GB W/ APPLE CARE",EBAY-US,111422,Apple Laptops,http://thumbs4.ebaystatic.com/m/m1Z3nJKGz59PJhqrV0E3eOQ/140.jpg,http://www.ebay.com/itm/Apple-MacBook-Pro-15-4-ME294LL-A-Late-2013-MINT-16GB-i7-512GB-W-APPLE-CARE-/161720348883?pt=LH_DefaultDomain_0,PayPal,false,02210,"Boston,MA,USA",US,1499.99,1499.99,0,Active,P2DT21H58M29S,false,true,1999.99,1999.99,2015-05-30T23:25:08.000Z,2015-06-06T23:25:08.000Z,AuctionWithBIN,false,true,None,false,false,108789851,PLEASE READ FULL DESCRIPTION AND SEE ALL PICTURES!,http://galleryplus.ebayimg.com/ws/web/391157436457_1_0_1.jpg
171808137138,"Apple MacBook Pro 13.3"" Laptop - MC374LL/A (April, 2010)",EBAY-US,111422,Apple Laptops,http://thumbs3.ebaystatic.com/m/mpoNXprHDnza8xGLlKsyNXQ/140.jpg,http://www.ebay.com/itm/Apple-MacBook-Pro-13-3-Laptop-MC374LL-A-April-2010-/171808137138?pt=LH_DefaultDomain_0,PayPal,false,94028,"Portola Valley,CA,USA",US,300.0,300.0,0,Active,P1DT5H33M54S,false,true,400.0,400.0,2015-05-31T07:00:33.000Z,2015-06-05T07:00:33.000Z,AuctionWithBIN,false,false,None,false,false,84755204,PLEASE READ FULL DESCRIPTION AND SEE ALL PICTURES!,http://galleryplus.ebayimg.com/ws/web/391157436457_1_0_1.jpg
201364790664,"Apple MacBook Pro 2.6GHz Core 2 Duo 17""  (MB166LL/A) 4GB 200GB AS-IS NO BATTERY",EBAY-US,111422,Apple Laptops,http://thumbs1.ebaystatic.com/m/mPwLpMebIZxpttwXftqRvDA/140.jpg,http://www.ebay.com/itm/Apple-MacBook-Pro-2-6GHz-Core-2-Duo-17-MB166LL-A-4GB-200GB-AS-IS-NO-BATTERY-/201364790664?pt=LH_DefaultDomain_0,PayPal,true,94028,USA,US,69.29,69.29,0,Active,P2DT23H3M32S,false,true,155.79,155.79,2015-06-04T00:30:11.000Z,2015-06-07T00:30:11.000Z,AuctionWithBIN,false,false,None,false,false,108849327,PLEASE READ FULL DESCRIPTION AND SEE ALL PICTURES!,http://galleryplus.ebayimg.com/ws/web/391157436457_1_0_1.jpg
391162401635,"Apple MacBook Pro 2.4GHz Core 2 Duo 17"" (MA897LL/A)",EBAY-US,111422,Apple Laptops,http://thumbs4.ebaystatic.com/m/mPwLpMebIZxpttwXftqRvDA/140.jpg,http://www.ebay.com/itm/Apple-MacBook-Pro-2-4GHz-Core-2-Duo-17-MA897LL-A-/391162401635?pt=LH_DefaultDomain_0,PayPal,true,94028,USA,US,69.67,69.67,0,Active,P2DT23H33M22S,false,true,149.89,149.89,2015-06-04T01:00:01.000Z,2015-06-07T01:00:01.000Z,AuctionWithBIN,false,false,None,false,false,108808486,PLEASE READ FULL DESCRIPTION AND SEE ALL PICTURES!,http://galleryplus.ebayimg.com/ws/web/391157436457_1_0_1.jpg
191594250208,"Apple MacBook Pro 13 A1278 2012 2.5ghz i5 5gb 500gb with Applecare,Msoffice 11+",EBAY-US,111422,Apple Laptops,http://thumbs1.ebaystatic.com/m/msbdDAtf7cBWsQkFg89c0rA/140.jpg,http://www.ebay.com/itm/Apple-MacBook-Pro-13-A1278-2012-2-5ghz-i5-5gb-500gb-Applecare-Msoffice-11-/191594250208?pt=LH_DefaultDomain_0,PayPal,false,92064,"Poway,CA,USA",US,699.0,699.0,0,Active,P2DT23H40M8S,false,true,950.0,950.0,2015-06-04T01:06:47.000Z,2015-06-07T01:06:47.000Z,AuctionWithBIN,false,true,None,false,false,108808486,PLEASE READ FULL DESCRIPTION AND SEE ALL PICTURES!,http://galleryplus.ebayimg.com/ws/web/391157436457_1_0_1.jpg
221790053825,"Apple MacBook Pro 17"" Customized i7 processor Matte Screen 8gig RAM",EBAY-US,111422,Apple Laptops,http://thumbs2.ebaystatic.com/m/mkmZh3kYmlG1umEzxls997w/140.jpg,http://www.ebay.com/itm/Apple-MacBook-Pro-17-Customized-i7-processor-Matte-Screen-8gig-RAM-/221790053825?pt=LH_DefaultDomain_0,PayPal,false,85083,"Phoenix,AZ,USA",US,800.0,800.0,0,Active,P1DT0H25M9S,false,true,1100.0,1100.0,2015-06-02T01:51:48.000Z,2015-06-05T01:51:48.000Z,AuctionWithBIN,false,false,None,false,false,108789781,PLEASE READ FULL DESCRIPTION AND SEE ALL PICTURES!,http://galleryplus.ebayimg.com/ws/web/391157436457_1_0_1.jpg
201364798873,"Apple MacBook Pro 2.4GHz Core 2 Duo 17"" (MA897LL/A) 2GB 160GB AS-IS NO BATTERY",EBAY-US,111422,Apple Laptops,http://thumbs2.ebaystatic.com/m/mPwLpMebIZxpttwXftqRvDA/140.jpg,http://www.ebay.com/itm/Apple-MacBook-Pro-2-4GHz-Core-2-Duo-17-MA897LL-A-2GB-160GB-AS-IS-NO-BATTERY-/201364798873?pt=LH_DefaultDomain_0,PayPal,true,85083,USA,US,69.32,69.32,0,Active,P2DT23H48M32S,false,true,149.36,149.36,2015-06-04T01:15:11.000Z,2015-06-07T01:15:11.000Z,AuctionWithBIN,false,false,None,false,false,108808486,PLEASE READ FULL DESCRIPTION AND SEE ALL PICTURES!,http://galleryplus.ebayimg.com/ws/web/391157436457_1_0_1.jpg
121668758228,"13"" 2011 Apple MacBook Pro Intel Core i5 2.3 GHZ 13"" 240GB SSD 8GB RAM",EBAY-US,111422,Apple Laptops,http://thumbs1.ebaystatic.com/m/mn_XRKl9CEWEx7etiE5okgw/140.jpg,http://www.ebay.com/itm/13-2011-Apple-MacBook-Pro-Intel-Core-i5-2-3-GHZ-13-240GB-SSD-8GB-RAM-/121668758228?pt=LH_DefaultDomain_0,PayPal,false,85730,"Tucson,AZ,USA",US,400.0,400.0,0,Active,P2DT15H1M17S,false,true,575.0,575.0,2015-06-03T16:27:56.000Z,2015-06-06T16:27:56.000Z,AuctionWithBIN,false,false,None,false,false,108808486,PLEASE READ FULL DESCRIPTION AND SEE ALL PICTURES!,http://galleryplus.ebayimg.com/ws/web/391157436457_1_0_1.jpg
171809543435,"Great Condition Apple MacBook Pro 15"" Feb 2011 - 512GB Solid State HD, 8GB, 2GHz",EBAY-US,111422,Apple Laptops,http://thumbs4.ebaystatic.com/m/mVrXX_oC-EIcgbhy3ohWJLQ/140.jpg,http://www.ebay.com/itm/Great-Condition-Apple-MacBook-Pro-15-Feb-2011-512GB-Solid-State-HD-8GB-2GHz-/171809543435?pt=LH_DefaultDomain_0,PayPal,true,10014,"New York,NY,USA",US,599.0,599.0,0,Active,P3DT0H10M44S,false,true,999.0,999.0,2015-05-31T01:37:23.000Z,2015-06-07T01:37:23.000Z,AuctionWithBIN,false,true,None,false,false,208292445,PLEASE READ FULL DESCRIPTION AND SEE ALL PICTURES!,http://galleryplus.ebayimg.com/ws/web/391157436457_1_0_1.jpg
291479565410,"Apple MacBook Pro 15"" 2.2GHz Core 2 Duo 400 GB HDD 2GB ram A1226",EBAY-US,111422,Apple Laptops,http://thumbs3.ebaystatic.com/m/msv17k1GtGoXi4aza0W5KCw/140.jpg,http://www.ebay.com/itm/Apple-MacBook-Pro-15-2-2GHz-Core-2-Duo-400-GB-HDD-2GB-ram-A1226-/291479565410?pt=LH_DefaultDomain_0,PayPal,false,47274,"Seymour,IN,USA",US,200.0,200.0,0,Active,P3DT1H10M47S,false,true,350.0,350.0,2015-05-31T02:37:26.000Z,2015-06-07T02:37:26.000Z,AuctionWithBIN,false,false,None,false,false,208292445,PLEASE READ FULL DESCRIPTION AND SEE ALL PICTURES!,http://galleryplus.ebayimg.com/ws/web/391157436457_1_0_1.jpg
171812336010,"Apple MacBook Pro 13.3"" Laptop with Retina Display - MGX72LL/A (Mid-2014)",EBAY-US,111422,Apple Laptops,http://thumbs3.ebaystatic.com/m/mxN7xt2Dge_FkfXomfSGSzA/140.jpg,http://www.ebay.com/itm/Apple-MacBook-Pro-13-3-Laptop-Retina-Display-MGX72LL-A-Mid-2014-/171812336010?pt=LH_DefaultDomain_0,PayPal,false,92395,"Victorville,CA,USA",US,800.0,800.0,0,Active,P3DT1H11M16S,false,true,1150.0,1150.0,2015-06-02T02:37:55.000Z,2015-06-07T02:37:55.000Z,AuctionWithBIN,false,false,None,false,false,208292445,PLEASE READ FULL DESCRIPTION AND SEE ALL PICTURES!,http://galleryplus.ebayimg.com/ws/web/391157436457_1_0_1.jpg
181763419721,Macbook pro 13'' inch (mid 2012) AS IS WaterDamaged Turns On (FOLDER),EBAY-ENCA,111422,Apple Laptops,http://thumbs2.ebaystatic.com/m/mJWL-CS2ArLQms8H4YkmKPg/140.jpg,http://www.ebay.com/itm/Macbook-pro-13-inch-mid-2012-WaterDamaged-Turns-FOLDER-/181763419721?pt=LH_DefaultDomain_2,PayPal,false,J1K0A1,Canada,CA,250.0,250.0,0,Active,P3DT1H31M52S,false,true,459.0,459.0,2015-06-02T02:58:31.000Z,2015-06-07T02:58:31.000Z,AuctionWithBIN,false,false,None,false,false,208292445,PLEASE READ FULL DESCRIPTION AND SEE ALL PICTURES!,http://galleryplus.ebayimg.com/ws/web/391157436457_1_0_1.jpg
251980589134,"Apple MacBook Pro (13-inch, Mid-2012) 2.5 GHz Intel Core i5 4GB RAM 500GB HD",EBAY-US,111422,Apple Laptops,http://thumbs3.ebaystatic.com/m/mp8R_Wr2lLqrv3fFVabPFzg/140.jpg,http://www.ebay.com/itm/Apple-MacBook-Pro-13-inch-Mid-2012-2-5-GHz-Intel-Core-i5-4GB-RAM-500GB-HD-/251980589134?pt=LH_DefaultDomain_0,PayPal,false,92584,"Menifee,CA,USA",US,450.0,450.0,0,Active,P3DT2H5M11S,false,true,615.0,615.0,2015-06-02T03:31:50.000Z,2015-06-07T03:31:50.000Z,AuctionWithBIN,false,false,None,false,false,208292445,PLEASE READ FULL DESCRIPTION AND SEE ALL PICTURES!,http://galleryplus.ebayimg.com/ws/web/391157436457_1_0_1.jpg
321769648153,"Apple MacBook Pro 15.4"" Laptop (FEB 2011 ) - Customized",EBAY-US,111422,Apple Laptops,http://thumbs2.ebaystatic.com/m/mH5vcdMxNm2Jq4quoOrPjtA/140.jpg,http://www.ebay.com/itm/Apple-MacBook-Pro-15-4-Laptop-FEB-2011-Customized-/321769648153?pt=LH_DefaultDomain_0,PayPal,false,19350,"Landenberg,PA,USA",US,650.0,650.0,0,Active,P2DT15H41M28S,false,true,880.0,880.0,2015-05-30T17:08:07.000Z,2015-06-06T17:08:07.000Z,AuctionWithBIN,false,false,None,false,false,110969698,8 GIGS RAM & 240 SSD & 500 GB SATA HD & USB SUPERDRIVE,http://galleryplus.ebayimg.com/ws/web/391157436457_1_0_1.jpg
141679448949,"Apple MacBook Pro 13.3"" mid 2012 SSD 2.9 GHz Intel Core i7 8GB",EBAY-US,111422,Apple Laptops,http://thumbs2.ebaystatic.com/m/m5w_Vf7oAsKBEA7kJZEenBg/140.jpg,http://www.ebay.com/itm/Apple-MacBook-Pro-13-3-mid-2012-SSD-2-9-GHz-Intel-Core-i7-8GB-/141679448949?pt=LH_DefaultDomain_0,PayPal,false,94306,"Palo Alto,CA,USA",US,650.0,650.0,0,Active,P1DT0H26M0S,false,true,1000.0,1000.0,2015-05-29T01:52:39.000Z,2015-06-05T01:52:39.000Z,AuctionWithBIN,false,false,None,false,false,115182969,8 GIGS RAM & 240 SSD & 500 GB SATA HD & USB SUPERDRIVE,http://galleryplus.ebayimg.com/ws/web/391157436457_1_0_1.jpg
251980523748,Apple MacBook Pro 13.3-inch MD101LL/A EXCELLENT Condition w/ Box & Case (Bundle),EBAY-US,111422,Apple Laptops,http://thumbs1.ebaystatic.com/m/mrV_Qq-hSU826hG5bIRd6sA/140.jpg,http://www.ebay.com/itm/Apple-MacBook-Pro-13-3-inch-MD101LL-A-EXCELLENT-Condition-w-Box-Case-Bundle-/251980523748?pt=LH_DefaultDomain_0,PayPal,false,77320,"Huntsville,TX,USA",US,650.0,650.0,0,Active,P1DT0H41M51S,false,true,875.0,875.0,2015-06-02T02:08:30.000Z,2015-06-05T02:08:30.000Z,AuctionWithBIN,false,false,None,false,false,115174685,8 GIGS RAM & 240 SSD & 500 GB SATA HD & USB SUPERDRIVE,http://galleryplus.ebayimg.com/ws/web/391157436457_1_0_1.jpg
331567089432,"Apple MacBook Pro A1278 13.3"" Laptop - MD101LL/A (June, 2012)",EBAY-US,111422,Apple Laptops,http://thumbs1.ebaystatic.com/m/mfVU-HMIa1Np_yXALXekv1A/140.jpg,http://www.ebay.com/itm/Apple-MacBook-Pro-A1278-13-3-Laptop-MD101LL-A-June-2012-/331567089432?pt=LH_DefaultDomain_0,PayPal,false,60453,"Oak Lawn,IL,USA",US,455.0,455.0,4,Active,P2DT16H22M5S,false,true,800.0,800.0,2015-05-27T17:48:44.000Z,2015-06-06T17:48:44.000Z,AuctionWithBIN,false,false,None,false,false,115174685,8 GIGS RAM & 240 SSD & 500 GB SATA HD & USB SUPERDRIVE,http://galleryplus.ebayimg.com/ws/web/391157436457_1_0_1.jpg
151698394749,Mac Book Pro A1260,EBAY-US,111422,Apple Laptops,http://thumbs2.ebaystatic.com/m/mcGwdgbqgdrj2VFeRwM3UBg/140.jpg,http://www.ebay.com/itm/Mac-Book-Pro-A1260-/151698394749?pt=LH_DefaultDomain_0,PayPal,false,46835,"Fort Wayne,IN,USA",US,175.0,175.0,0,Active,P0DT18H19M14S,false,true,300.0,300.0,2015-05-30T19:45:53.000Z,2015-06-04T19:45:53.000Z,AuctionWithBIN,false,false,None,false,false,115174685,8 GIGS RAM & 240 SSD & 500 GB SATA HD & USB SUPERDRIVE,http://galleryplus.ebayimg.com/ws/web/391157436457_1_0_1.jpg
171811788970,"Apple MacBook Pro 13.3"" Laptop - MC374LL/A (April, 2010)",EBAY-US,111422,Apple Laptops,http://thumbs3.ebaystatic.com/m/mf4yJHhlKQaNJKn_WWxXzow/140.jpg,http://www.ebay.com/itm/Apple-MacBook-Pro-13-3-Laptop-MC374LL-A-April-2010-/171811788970?pt=LH_DefaultDomain_0,PayPal,false,10018,"New York,NY,USA",US,299.0,299.0,0,Active,P2DT16H23M41S,false,true,395.0,395.0,2015-06-01T17:50:20.000Z,2015-06-06T17:50:20.000Z,AuctionWithBIN,false,false,None,false,false,84755204,8 GIGS RAM & 240 SSD & 500 GB SATA HD & USB SUPERDRIVE,http://galleryplus.ebayimg.com/ws/web/391157436457_1_0_1.jpg
201361528158,15” MacBook Pro 2GHz Quad i7 8GB RAM 240GB SSD,EBAY-US,111422,Apple Laptops,http://thumbs3.ebaystatic.com/m/mC_nbKZvmIkA8-tNpiLvbIA/140.jpg,http://www.ebay.com/itm/15-MacBook-Pro-2GHz-Quad-i7-8GB-RAM-240GB-SSD-/201361528158?pt=LH_DefaultDomain_0,PayPal,false,17050,"Mechanicsburg,PA,USA",US,600.0,600.0,0,Active,P1DT0H44M31S,false,true,1300.0,1300.0,2015-05-31T02:11:10.000Z,2015-06-05T02:11:10.000Z,AuctionWithBIN,false,false,None,false,false,84755204,Immaculate Condition comes with case and BONUS EXT HDD,http://galleryplus.ebayimg.com/ws/web/391157436457_1_0_1.jpg
381277376561,"Apple 15"" MacBook Pro Laptop Intel Core 2 Duo 2.53 GHz 4GB RAM 250GB MC118LL/A",EBAY-US,111422,Apple Laptops,http://thumbs2.ebaystatic.com/m/mVxEY9mYGPEF5OGX0qNpDyg/140.jpg,http://www.ebay.com/itm/Apple-15-MacBook-Pro-Laptop-Intel-Core-2-Duo-2-53-GHz-4GB-RAM-250GB-MC118LL-A-/381277376561?pt=LH_DefaultDomain_0,PayPal,false,22401,"Fredericksburg,VA,USA",US,203.51,203.51,8,Active,P1DT19H5M46S,false,true,515.0,515.0,2015-05-29T20:32:25.000Z,2015-06-05T20:32:25.000Z,AuctionWithBIN,false,false,None,false,false,78136059,Immaculate Condition comes with case and BONUS EXT HDD,http://galleryplus.ebayimg.com/ws/web/391157436457_1_0_1.jpg
221791924333,"MacBookPro 15""MD318LL/A i7 2.2ghz 8gb 128gbSSD, Office,Yosemite *Free shipping*",EBAY-US,111422,Apple Laptops,http://thumbs2.ebaystatic.com/m/mBkdXvppZZhouJT58vG1_vQ/140.jpg,http://www.ebay.com/itm/MacBookPro-15-MD318LL-A-i7-2-2ghz-8gb-128gbSSD-Office-Yosemite-Free-shipping-/221791924333?pt=LH_DefaultDomain_0,PayPal,true,27511,"Cary,NC,USA",US,130.0,130.0,0,Active,P2DT22H45M25S,false,true,850.0,850.0,2015-06-04T00:12:04.000Z,2015-06-07T00:12:04.000Z,AuctionWithBIN,false,false,None,false,false,110969698,Immaculate Condition comes with case and BONUS EXT HDD,http://galleryplus.ebayimg.com/ws/web/391157436457_1_0_1.jpg
281711320439,2012 Apple MacBook Pro Retina 15.4 Core i7 2.6GHz 8GB 512GB SSD MC976LL/A Laptop,EBAY-US,111422,Apple Laptops,http://thumbs4.ebaystatic.com/m/m4vT1xs_j-RvXOtfK4LQSwQ/140.jpg,http://www.ebay.com/itm/2012-Apple-MacBook-Pro-Retina-15-4-Core-i7-2-6GHz-8GB-512GB-SSD-MC976LL-A-Laptop-/281711320439?pt=LH_DefaultDomain_0,PayPal,false,96826,"Honolulu,HI,USA",US,900.0,900.0,0,Active,P2DT16H32M36S,false,true,1200.0,1200.0,2015-06-03T17:59:15.000Z,2015-06-06T17:59:15.000Z,AuctionWithBIN,false,false,None,false,false,110969698,Immaculate Condition comes with case and BONUS EXT HDD,http://galleryplus.ebayimg.com/ws/web/391157436457_1_0_1.jpg
121665158216,"Apple Macbook Pro A1297 17""  Core 2 Duo T9600 3.0GHz 8GB 250GB w/ OS X 10.10",EBAY-US,111422,Apple Laptops,http://thumbs1.ebaystatic.com/m/ml77Z2RenLhSFwaHsLp4qcQ/140.jpg,http://www.ebay.com/itm/Apple-Macbook-Pro-A1297-17-Core-2-Duo-T9600-3-0GHz-8GB-250GB-w-OS-X-10-10-/121665158216?pt=LH_DefaultDomain_0,PayPal,false,58203,"Grand Forks,ND,USA",US,390.0,390.0,0,Active,P0DT16H14M45S,false,true,720.0,720.0,2015-05-30T17:41:24.000Z,2015-06-04T17:41:24.000Z,AuctionWithBIN,false,true,None,false,false,110969698,Immaculate Condition comes with case and BONUS EXT HDD,http://galleryplus.ebayimg.com/ws/web/391157436457_1_0_1.jpg
121662978543,"MacBook Pro (13-inch, Mid 2012), AppleCare, Microsoft Office, Sophos Anti-Virus",EBAY-US,111422,Apple Laptops,http://thumbs4.ebaystatic.com/m/mGakatxR4Z4ingjjGL3zWrA/140.jpg,http://www.ebay.com/itm/MacBook-Pro-13-inch-Mid-2012-AppleCare-Microsoft-Office-Sophos-Anti-Virus-/121662978543?pt=LH_DefaultDomain_0,PayPal,false,44661,"Nashville,OH,USA",US,500.0,500.0,0,Active,P0DT0H52M13S,false,true,1000.0,1000.0,2015-05-28T02:18:52.000Z,2015-06-04T02:18:52.000Z,AuctionWithBIN,false,false,None,false,false,110969698,Immaculate Condition comes with case and BONUS EXT HDD,http://galleryplus.ebayimg.com/ws/web/391157436457_1_0_1.jpg
391160539263,"Apple MacBook Pro 2.8GHz Core 2 Duo 15"" (MB986LL/A) 4GB 500GB AS-IS NO BATTERY",EBAY-US,111422,Apple Laptops,http://thumbs4.ebaystatic.com/m/m1zY3Gd6bv9KnPZJmwWGabQ/140.jpg,http://www.ebay.com/itm/Apple-MacBook-Pro-2-8GHz-Core-2-Duo-15-MB986LL-A-4GB-500GB-AS-IS-NO-BATTERY-/391160539263?pt=LH_DefaultDomain_0,PayPal,true,44661,USA,US,177.78,177.78,0,Active,P2DT22H48M41S,false,true,356.95,356.95,2015-06-02T00:15:20.000Z,2015-06-07T00:15:20.000Z,AuctionWithBIN,false,false,None,false,false,108850068,Immaculate Condition comes with case and BONUS EXT HDD,http://galleryplus.ebayimg.com/ws/web/391157436457_1_0_1.jpg
281709189751,"Apple MacBook Pro 15.4"" Retina Laptop - Customized w/ 16 GB RAM 256 SSD",EBAY-US,111422,Apple Laptops,http://thumbs4.ebaystatic.com/m/mLyEwpnCl3HQCA3SS2LnUTg/140.jpg,http://www.ebay.com/itm/Apple-MacBook-Pro-15-4-Retina-Laptop-Customized-w-16-GB-RAM-256-SSD-/281709189751?pt=LH_DefaultDomain_0,PayPal,false,37419,"Chattanooga,TN,USA",US,1150.0,1150.0,0,Active,P2DT17H1M50S,false,true,1495.0,1495.0,2015-06-01T18:28:29.000Z,2015-06-06T18:28:29.000Z,AuctionWithBIN,false,false,None,false,false,108850068,Immaculate Condition comes with case and BONUS EXT HDD,http://galleryplus.ebayimg.com/ws/web/391157436457_1_0_1.jpg
291481097778,Apple MacBook Pro 13 2.5GHz/8GB/500GB Mid 2009,EBAY-US,111422,Apple Laptops,http://thumbs3.ebaystatic.com/m/m07Dv3c0SipO-1kjS85lgPg/140.jpg,http://www.ebay.com/itm/Apple-MacBook-Pro-13-2-5GHz-8GB-500GB-Mid-2009-/291481097778?pt=LH_DefaultDomain_0,Discover,false,48302,"Bloomfield Hills,MI,USA",US,320.0,320.0,0,Active,P2DT17H49M41S,false,true,416.0,416.0,2015-06-01T19:16:20.000Z,2015-06-06T19:16:20.000Z,AuctionWithBIN,false,false,None,false,false,78136119,Immaculate Condition comes with case and BONUS EXT HDD,http://galleryplus.ebayimg.com/ws/web/391157436457_1_0_1.jpg
191594225955,"Apple Macbook Pro 15"" | Core i7 2.66GHz | 8GB RAM | 500GB HDD | GT330M",EBAY-US,111422,Apple Laptops,http://thumbs4.ebaystatic.com/m/mAOQb44D69e1xqA8t7kcDtQ/140.jpg,http://www.ebay.com/itm/Apple-Macbook-Pro-15-Core-i7-2-66GHz-8GB-RAM-500GB-HDD-GT330M-/191594225955?pt=LH_DefaultDomain_0,PayPal,false,48302,Singapore,SG,500.0,500.0,0,Active,P2DT22H58M35S,false,true,650.0,650.0,2015-06-04T00:25:14.000Z,2015-06-07T00:25:14.000Z,AuctionWithBIN,false,false,None,false,false,78136119,Immaculate Condition comes with case and BONUS EXT HDD,http://galleryplus.ebayimg.com/ws/web/391157436457_1_0_1.jpg
161719593223,"Apple Macbook Pro 15” A1150 1.86 Ghz Core Duo , 1 GB, 80 GB HD, SD *AS IS*",EBAY-US,111422,Apple Laptops,http://thumbs4.ebaystatic.com/m/mVHfMj8Wt0-p4GjrITnEc9w/140.jpg,http://www.ebay.com/itm/Apple-Macbook-Pro-15-A1150-1-86-Ghz-Core-Duo-1-GB-80-GB-HD-SD-AS-IS-/161719593223?pt=LH_DefaultDomain_0,PayPal,true,93402,"Los Osos,CA,USA",US,49.99,49.99,0,Active,P2DT0H18M10S,false,true,129.99,129.99,2015-05-30T01:44:49.000Z,2015-06-06T01:44:49.000Z,AuctionWithBIN,false,false,None,false,false,78136119,Immaculate Condition comes with case and BONUS EXT HDD,http://galleryplus.ebayimg.com/ws/web/391157436457_1_0_1.jpg
161722663722,Apple MacBook Pro 13.3 Retina i5 2.5 Ghz 8Gb RAM 256Gb MD212LL/A With Bonus,EBAY-US,111422,Apple Laptops,http://thumbs3.ebaystatic.com/m/m2Frzgs0OIByGuksfmSAzcw/140.jpg,http://www.ebay.com/itm/Apple-MacBook-Pro-13-3-Retina-i5-2-5-Ghz-8Gb-RAM-256Gb-MD212LL-A-Bonus-/161722663722?pt=LH_DefaultDomain_0,PayPal,false,07508,"Haledon,NJ,USA",US,777.0,777.0,0,Active,P2DT23H0M36S,false,true,1010.1,1010.1,2015-06-02T00:27:15.000Z,2015-06-07T00:27:15.000Z,AuctionWithBIN,false,false,None,false,false,78136119,Immaculate Condition comes with case and BONUS EXT HDD,http://galleryplus.ebayimg.com/ws/web/391157436457_1_0_1.jpg
291481147559,USED White Apple MacBook Pro 13.3&quot; Laptop (2006) Intel Core Duo 2.00GHz,EBAY-US,111422,Apple Laptops,http://thumbs4.ebaystatic.com/m/mU-cTkTTpcR9lUWk6MO0Q8w/140.jpg,http://www.ebay.com/itm/USED-White-Apple-MacBook-Pro-13-3-quot-Laptop-2006-Intel-Core-Duo-2-00GHz-/291481147559?pt=LH_DefaultDomain_0,PayPal,true,90028,"Los Angeles,CA,USA",US,90.99,90.99,0,Active,P2DT18H45M47S,false,true,138.99,138.99,2015-06-02T08:12:35.000Z,2015-06-06T20:12:26.000Z,AuctionWithBIN,false,false,None,false,false,78136119,Immaculate Condition comes with case and BONUS EXT HDD,http://galleryplus.ebayimg.com/ws/web/391157436457_1_0_1.jpg
191592584030,"Apple MacBook Pro A1278 13.3"" Laptop - MD101LL/A (June, 2013)",EBAY-US,111422,Apple Laptops,http://thumbs3.ebaystatic.com/m/mf0x-Xd1PKrsuCGQ57NIK-g/140.jpg,http://www.ebay.com/itm/Apple-MacBook-Pro-A1278-13-3-Laptop-MD101LL-A-June-2013-/191592584030?pt=LH_DefaultDomain_0,PayPal,true,87110,"Albuquerque,NM,USA",US,425.0,425.0,5,Active,P0DT12H37M55S,false,true,850.0,850.0,2015-06-01T14:04:34.000Z,2015-06-04T14:04:34.000Z,AuctionWithBIN,false,false,None,false,false,115174685,*RARE!!! Hardly ever used. Only used six months,http://galleryplus.ebayimg.com/ws/web/391157436457_1_0_1.jpg
