itemId,title,globalId,categoryId,categoryName,galleryURL,viewItemURL,paymentMethod,autoPay,postalCode,location,country,currentPrice,convertedCurrentPrice,bidCount,sellingState,timeLeft,bestOfferEnabled,buyItNowAvailable,buyItNowPrice,convertedBuyItNowPrice,startTime,endTime,listingType,gift,returnsAccepted,condition,isMultiVariationListing,topRatedListing,productId,subtitle,ItemID,BuyItNowAvailable,ConvertedBuyItNowPrice,EndTime,ViewItemURLForNaturalSearch,ListingType,Location,GalleryURL,PictureURL,PrimaryCategoryID,PrimaryCategoryName,BidCount,ConvertedCurrentPrice,ListingStatus,TimeLeft,Title,Country,AutoPay,ConditionID,ConditionDisplayName,GlobalShipping,ConditionDescription
281689102814,"Apple Macbook Pro (Retina,15-Inch, Mid-2014) w/ 2.8 Ghz Intel Core I7 Processor",EBAY-US,111422,Apple Laptops,http://thumbs3.ebaystatic.com/m/md0EJ6CVCzdp_CGGVbcCy-Q/140.jpg,http://www.ebay.com/itm/Apple-Macbook-Pro-Retina-15-Inch-Mid-2014-w-2-8-Ghz-Intel-Core-I7-Processor-/281689102814?pt=LH_DefaultDomain_0,PayPal,false,07444,"Pompton Plains,NJ,USA",US,1900.0,1900.0,0,Active,P2DT11H5M56S,false,true,2470.0,2470.0,2015-05-11T13:29:48.000Z,2015-05-14T13:29:48.000Z,AuctionWithBIN,false,false,None,false,false
181742556136,"MacBook Pro 17"" Intel Core Duo laptop (Excellent Condition, Original packaging)",EBAY-US,111422,Apple Laptops,http://thumbs1.ebaystatic.com/m/mosdv607eG-lbuGnZgVvQ_A/140.jpg,http://www.ebay.com/itm/MacBook-Pro-17-Intel-Core-Duo-laptop-Excellent-Condition-Original-packaging-/181742556136?pt=LH_DefaultDomain_0,PayPal,false,53562,"Middleton,WI,USA",US,199.0,199.0,0,Active,P2DT18H10M17S,false,true,285.0,285.0,2015-05-11T20:34:09.000Z,2015-05-14T20:34:09.000Z,AuctionWithBIN,false,false,None,false,false
321748823328,"Apple MacBook 13.3"" Laptop - MD102LL/A (June, 2012) 750GB",EBAY-US,111422,Apple Laptops,http://thumbs1.ebaystatic.com/m/mN2Adm2ltKI8D6rXceD70tg/140.jpg,http://www.ebay.com/itm/Apple-MacBook-13-3-Laptop-MD102LL-A-June-2012-750GB-/321748823328?pt=LH_DefaultDomain_0,PayPal,true,37221,"Nashville,TN,USA",US,613.0,613.0,0,Active,P2DT18H26M43S,false,true,850.0,850.0,2015-05-07T20:50:35.000Z,2015-05-14T20:50:35.000Z,AuctionWithBIN,false,false,None,false,false,115139414
321747172174,"13"" Macbook Pro (w/ Black Cover) 2.53 Core 2 Duo Laptop Yosemite OS",EBAY-US,111422,Apple Laptops,http://thumbs3.ebaystatic.com/m/mwe4iG4VT-0b-XK5andla3A/140.jpg,http://www.ebay.com/itm/13-Macbook-Pro-w-Black-Cover-2-53-Core-2-Duo-Laptop-Yosemite-OS-/321747172174?pt=LH_DefaultDomain_0,PayPal,true,78702,"Austin,TX,USA",US,249.0,249.0,0,Active,P2DT18H36M29S,false,true,800.0,800.0,2015-05-07T21:00:21.000Z,2015-05-14T21:00:21.000Z,AuctionWithBIN,false,false,None,false,false,115139414
181740370670,"***Macbook Pro 2.9 ghz, 8 GB Ram, 500 GB HD***",EBAY-US,111422,Apple Laptops,http://thumbs3.ebaystatic.com/m/mWzpXJXuRXT9bvnvuFBh4VA/140.jpg,http://www.ebay.com/itm/Macbook-Pro-2-9-ghz-8-GB-Ram-500-GB-HD-/181740370670?pt=LH_DefaultDomain_0,PayPal,true,57718,"Blackhawk,SD,USA",US,500.0,500.0,0,Active,P2DT18H38M50S,false,true,800.0,800.0,2015-05-09T21:02:42.000Z,2015-05-14T21:02:42.000Z,AuctionWithBIN,false,false,None,false,false,115139414
251951349885,"Apple MacBook Pro 15.4"" Retina (2013)-2.4G i7-256SSD-8G RAM-Loaded apps-Applecar",EBAY-US,111422,Apple Laptops,http://thumbs2.ebaystatic.com/m/mWb7Tbv9riSxI6SONvGzqEg/140.jpg,http://www.ebay.com/itm/Apple-MacBook-Pro-15-4-Retina-2013-2-4G-i7-256SSD-8G-RAM-Loaded-apps-Applecar-/251951349885?pt=LH_DefaultDomain_0,PayPal,true,37876,"Sevierville,TN,USA",US,999.0,999.0,0,Active,P2DT19H11M36S,false,true,1299.0,1299.0,2015-05-07T21:35:28.000Z,2015-05-14T21:35:28.000Z,AuctionWithBIN,false,false,None,false,false,115139414
121648895415,"Apple MacBook Pro 13.3"" Laptop (April, 2010) - Customized",EBAY-US,111422,Apple Laptops,http://thumbs4.ebaystatic.com/m/mT-XSadbTs9b1FLnfqph1wQ/140.jpg,http://www.ebay.com/itm/Apple-MacBook-Pro-13-3-Laptop-April-2010-Customized-/121648895415?pt=LH_DefaultDomain_0,PayPal,false,75201,"Dallas,TX,USA",US,479.0,479.0,0,Active,P2DT19H26M25S,false,true,655.0,655.0,2015-05-11T21:50:17.000Z,2015-05-14T21:50:17.000Z,AuctionWithBIN,false,false,None,false,false,108850048
231554049974,"Apple MacBook Pro 2.4GHz Core 2 Duo 15"" (MA896LL/A) 2GB 160GB AS-IS NO BATTERY",EBAY-US,111422,Apple Laptops,http://thumbs3.ebaystatic.com/m/m1XNPd6DrWFg5ssBIkkL7Hw/140.jpg,http://www.ebay.com/itm/Apple-MacBook-Pro-2-4GHz-Core-2-Duo-15-MA896LL-A-2GB-160GB-AS-IS-NO-BATTERY-/231554049974?pt=LH_DefaultDomain_0,PayPal,true,75201,USA,US,100.0,100.0,0,Active,P0DT1H6M47S,false,true,158.54,158.54,2015-05-07T03:30:39.000Z,2015-05-12T03:30:39.000Z,AuctionWithBIN,false,false,None,false,false,108799255
271860357801,"Apple MacBook Pro A1286 15.4"" Laptop - MC721LL/A (February, 2011)",EBAY-US,111422,Apple Laptops,http://thumbs2.ebaystatic.com/m/mv2HopSNRTqIybd1weYzvFg/140.jpg,http://www.ebay.com/itm/Apple-MacBook-Pro-A1286-15-4-Laptop-MC721LL-A-February-2011-/271860357801?pt=LH_DefaultDomain_0,PayPal,false,07076,"Scotch Plains,NJ,USA",US,550.0,550.0,0,Active,P0DT1H6M39S,false,true,750.0,750.0,2015-05-05T03:30:31.000Z,2015-05-12T03:30:31.000Z,AuctionWithBIN,false,false,None,false,false,99700122
151675318462,"Apple MacBook Pro 15.4"" Retina Display 2.2 GHz Intel Core i7 processor 16GB RAM",EBAY-US,111422,Apple Laptops,http://thumbs3.ebaystatic.com/m/m1Uh9r0o8En8jn-51oD897g/140.jpg,http://www.ebay.com/itm/Apple-MacBook-Pro-15-4-Retina-Display-2-2-GHz-Intel-Core-i7-processor-16GB-RAM-/151675318462?pt=LH_DefaultDomain_0,PayPal,false,13760,"Endicott,NY,USA",US,1400.0,1400.0,0,Active,P0DT1H14M8S,false,true,1900.0,1900.0,2015-05-09T03:38:00.000Z,2015-05-12T03:38:00.000Z,AuctionWithBIN,false,false,None,false,false,203694364
321750061419,"MacBook Pro 13 inch, early 2011, 2.7 GHz processor 500 gb hard drive, 4gb ram",EBAY-US,111422,Apple Laptops,http://thumbs4.ebaystatic.com/m/m69z8ZfEoo-1AavYNDOKwrg/140.jpg,http://www.ebay.com/itm/MacBook-Pro-13-inch-early-2011-2-7-GHz-processor-500-gb-hard-drive-4gb-ram-/321750061419?pt=LH_DefaultDomain_0,PayPal,false,60614,"Chicago,IL,USA",US,500.0,500.0,0,Active,P0DT2H12M35S,false,true,750.0,750.0,2015-05-09T04:36:27.000Z,2015-05-12T04:36:27.000Z,AuctionWithBIN,false,false,None,false,false,203694364
321743550563,"Apple MacBook Pro 13.3"" Laptop - MC374LL/A (April, 2010)",EBAY-US,111422,Apple Laptops,http://thumbs4.ebaystatic.com/m/mNYv3s1CQl7gkbRHcRNikLQ/140.jpg,http://www.ebay.com/itm/Apple-MacBook-Pro-13-3-Laptop-MC374LL-A-April-2010-/321743550563?pt=LH_DefaultDomain_0,PayPal,true,44114,"Cleveland,OH,USA",US,350.0,350.0,0,Active,P0DT3H17M57S,false,true,500.0,500.0,2015-05-02T05:41:49.000Z,2015-05-12T05:41:49.000Z,AuctionWithBIN,false,false,None,false,false,84755204
261867812786,"Macbook Pro 15"" 16gb Photoshop Final Cut Microsoft Office+ (see Details!)",EBAY-US,111422,Apple Laptops,http://thumbs3.ebaystatic.com/m/mGYuSgY8dCCQe-kImdhm_jA/140.jpg,http://www.ebay.com/itm/Macbook-Pro-15-16gb-Photoshop-Final-Cut-Microsoft-Office-see-Details-/261867812786?pt=LH_DefaultDomain_0,PayPal,false,92411,"San Bernardino,CA,USA",US,520.0,520.0,15,Active,P0DT3H36M54S,false,true,1300.0,1300.0,2015-05-02T06:00:46.000Z,2015-05-12T06:00:46.000Z,AuctionWithBIN,false,false,None,false,false,84755204
221765765430,"Apple MacBook Pro A1286 15.4"" Laptop - MC371LL/A (April, 2010)",EBAY-US,111422,Apple Laptops,http://thumbs3.ebaystatic.com/m/mKfo70TZ3aesn3ShMAEB6hQ/140.jpg,http://www.ebay.com/itm/Apple-MacBook-Pro-A1286-15-4-Laptop-MC371LL-A-April-2010-/221765765430?pt=LH_DefaultDomain_0,PayPal,false,53120,"East Troy,WI,USA",US,370.0,370.0,0,Active,P0DT4H7M20S,false,true,650.0,650.0,2015-05-07T06:31:12.000Z,2015-05-12T06:31:12.000Z,AuctionWithBIN,false,false,None,false,false,82994118
191573340108,"Apple MacBook Pro A1286 15.4"" Laptop - MD104LL/A (June, 2012)",EBAY-US,111422,Apple Laptops,http://thumbs1.ebaystatic.com/m/m_PkSyPEquRNK2G4M-wiFUQ/140.jpg,http://www.ebay.com/itm/Apple-MacBook-Pro-A1286-15-4-Laptop-MD104LL-A-June-2012-/191573340108?pt=LH_DefaultDomain_0,PayPal,true,96720,"Hilo,HI,USA",US,899.0,899.0,0,Active,P0DT5H32M40S,false,true,1199.0,1199.0,2015-05-05T07:56:32.000Z,2015-05-12T07:56:32.000Z,AuctionWithBIN,false,false,None,false,false,133878085
251955843479,"Apple MacBook Pro 13.3"" Laptop with Retina Display (Late, 2013) - Customized",EBAY-US,111422,Apple Laptops,http://thumbs4.ebaystatic.com/m/mwrQs5eWjIR4xJdngfbJmeQ/140.jpg,http://www.ebay.com/itm/Apple-MacBook-Pro-13-3-Laptop-Retina-Display-Late-2013-Customized-/251955843479?pt=LH_DefaultDomain_0,PayPal,false,53545,"Janesville,WI,USA",US,750.0,750.0,0,Active,P0DT11H11M13S,false,true,1050.0,1050.0,2015-05-11T22:52:30.000Z,2015-05-12T13:35:05.000Z,AuctionWithBIN,false,false,None,false,false,143381227
181733325047,"Apple 2.40GHz 15"" MacBook Pro (Mid-2008 Model)",EBAY-US,111422,Apple Laptops,http://thumbs4.ebaystatic.com/m/mLc1g6LJEvR2pOVM8aqRZcA/140.jpg,http://www.ebay.com/itm/Apple-2-40GHz-15-MacBook-Pro-Mid-2008-Model-/181733325047?pt=LH_DefaultDomain_0,PayPal,true,48322,"West Bloomfield,MI,USA",US,150.0,150.0,0,Active,P0DT11H58M40S,false,true,375.0,375.0,2015-05-02T14:22:32.000Z,2015-05-12T14:22:32.000Z,AuctionWithBIN,false,false,None,false,false,143381227
131507516887,"Apple MacBook Pro 13.3"" Laptop - MC700LL/A (February, 2011)",EBAY-US,111422,Apple Laptops,http://thumbs4.ebaystatic.com/m/m2-xYco2bIYTk27pUKKpDwA/140.jpg,http://www.ebay.com/itm/Apple-MacBook-Pro-13-3-Laptop-MC700LL-A-February-2011-/131507516887?pt=LH_DefaultDomain_0,PayPal,false,60490,"Bolingbrook,IL,USA",US,190.5,190.5,4,Active,P0DT13H37M32S,false,true,405.0,405.0,2015-05-10T04:04:42.000Z,2015-05-12T16:01:24.000Z,AuctionWithBIN,false,false,None,false,false,99741550
111662965910,"2010 Apple MacBook Pro 13.3"" Laptop",EBAY-US,111422,Apple Laptops,http://thumbs3.ebaystatic.com/m/mmReVAmtlDJYZSZ9dt3A1Pg/140.jpg,http://www.ebay.com/itm/2010-Apple-MacBook-Pro-13-3-Laptop-/111662965910?pt=LH_DefaultDomain_0,PayPal,false,23518,"Norfolk,VA,USA",US,315.0,315.0,0,Active,P0DT15H23M24S,false,true,415.0,415.0,2015-05-05T17:47:16.000Z,2015-05-12T17:47:16.000Z,AuctionWithBIN,false,false,None,false,false,84755204
141661957906,"Apple MacBook Pro 13.3"" Laptop - MC700LL/A (February, 2011)",EBAY-US,111422,Apple Laptops,http://thumbs3.ebaystatic.com/m/mIsv7mnGx2rN3P5qikhgWtQ/140.jpg,http://www.ebay.com/itm/Apple-MacBook-Pro-13-3-Laptop-MC700LL-A-February-2011-/141661957906?pt=LH_DefaultDomain_0,PayPal,false,98065,"Snoqualmie,WA,USA",US,275.0,275.0,0,Active,P0DT15H27M39S,false,true,450.0,450.0,2015-05-10T05:51:38.000Z,2015-05-12T17:51:31.000Z,AuctionWithBIN,false,false,None,false,false,99741550
111662374767,Apple Macbook Pro 15.4 Retina Display 2.50ghz i7 512GB (Newest Model),EBAY-US,111422,Apple Laptops,http://thumbs4.ebaystatic.com/m/mVDqAP_hQce8l_7wwiOui_Q/140.jpg,http://www.ebay.com/itm/Apple-Macbook-Pro-15-4-Retina-Display-2-50ghz-i7-512GB-Newest-Model-/111662374767?pt=LH_DefaultDomain_0,PayPal,false,80210,"Denver,CO,USA",US,1500.0,1500.0,0,Active,P0DT16H36M39S,false,true,2275.0,2275.0,2015-05-05T19:00:31.000Z,2015-05-12T19:00:31.000Z,AuctionWithBIN,false,false,None,false,false,99741550,Perfect Condition! This MBP is a POWERHOUSE
141658370813,"Apple MacBook Pro 13.3"" Laptop - MC374LL/A (April, 2010)",EBAY-US,111422,Apple Laptops,http://thumbs2.ebaystatic.com/m/mLEfl3uhgFxAtdgSpi7_-LQ/140.jpg,http://www.ebay.com/itm/Apple-MacBook-Pro-13-3-Laptop-MC374LL-A-April-2010-/141658370813?pt=LH_DefaultDomain_0,PayPal,false,60521,"Hinsdale,IL,USA",US,300.0,300.0,0,Active,P0DT18H19M37S,false,true,550.0,550.0,2015-05-05T20:43:29.000Z,2015-05-12T20:43:29.000Z,AuctionWithBIN,false,false,None,false,false,84755204,Perfect Condition! This MBP is a POWERHOUSE
221764547763,Macbook pro,EBAY-US,111422,Apple Laptops,http://thumbs4.ebaystatic.com/m/mdM78gm8tPX7lUXMh5PsJtQ/140.jpg,http://www.ebay.com/itm/Macbook-pro-/221764547763?pt=LH_DefaultDomain_0,PayPal,false,11550,"Hempstead,NY,USA",US,90.0,90.0,0,Active,P0DT18H39M25S,false,true,130.0,130.0,2015-05-05T21:03:17.000Z,2015-05-12T21:03:17.000Z,AuctionWithBIN,false,true,None,false,false,84755204,Perfect Condition! This MBP is a POWERHOUSE
221764553967,Macbook pro,EBAY-US,111422,Apple Laptops,http://thumbs4.ebaystatic.com/m/m6DwqbqcpVqmjQSYIfPHy4Q/140.jpg,http://www.ebay.com/itm/Macbook-pro-/221764553967?pt=LH_DefaultDomain_0,PayPal,false,11550,"Hempstead,NY,USA",US,180.0,180.0,0,Active,P0DT18H47M59S,false,true,240.0,240.0,2015-05-05T21:11:51.000Z,2015-05-12T21:11:51.000Z,AuctionWithBIN,false,true,None,false,false,84755204,Perfect Condition! This MBP is a POWERHOUSE
381250756426,"Apple 15"" MacBook Pro Laptop Intel Core 2 Duo 2.53 GHz 4GB RAM 250GB MC118LL/A",EBAY-US,111422,Apple Laptops,http://thumbs3.ebaystatic.com/m/mVxEY9mYGPEF5OGX0qNpDyg/140.jpg,http://www.ebay.com/itm/Apple-15-MacBook-Pro-Laptop-Intel-Core-2-Duo-2-53-GHz-4GB-RAM-250GB-MC118LL-A-/381250756426?pt=LH_DefaultDomain_0,PayPal,false,22401,"Fredericksburg,VA,USA",US,207.5,207.5,22,Active,P0DT20H1M1S,false,true,515.0,515.0,2015-05-05T22:24:53.000Z,2015-05-12T22:24:53.000Z,AuctionWithBIN,false,false,None,false,false,78136059,Perfect Condition! This MBP is a POWERHOUSE
201347111291,"Apple MacBook Pro A1278 13.3"" Laptop - MD101LL/A (Feb, 2011)",EBAY-US,111422,Apple Laptops,http://thumbs4.ebaystatic.com/m/my3ctYxFdfP3Xv7ukToM0ag/140.jpg,http://www.ebay.com/itm/Apple-MacBook-Pro-A1278-13-3-Laptop-MD101LL-A-Feb-2011-/201347111291?pt=LH_DefaultDomain_0,PayPal,true,07310,"Jersey City,NJ,USA",US,350.0,350.0,0,Active,P0DT21H54M26S,false,true,600.0,600.0,2015-05-10T00:18:18.000Z,2015-05-13T00:18:18.000Z,AuctionWithBIN,false,false,None,false,false,78136059,Perfect Condition! This MBP is a POWERHOUSE
121642961002,"Apple MacBook Pro Core 2 Duo 2.4GHz 4GB 500GB 13"" MC374LL/A",EBAY-US,111422,Apple Laptops,http://thumbs3.ebaystatic.com/m/m4XOYDyMihmG9PGMO3nA7EQ/140.jpg,http://www.ebay.com/itm/Apple-MacBook-Pro-Core-2-Duo-2-4GHz-4GB-500GB-13-MC374LL-A-/121642961002?pt=LH_DefaultDomain_0,PayPal,true,85335,"El Mirage,AZ,USA",US,200.0,200.0,0,Active,P0DT23H1M3S,false,true,570.0,570.0,2015-05-06T01:24:55.000Z,2015-05-13T01:24:55.000Z,AuctionWithBIN,false,false,None,false,false,84755204,Perfect Condition! This MBP is a POWERHOUSE
271858152139,"Apple Macbook Pro 13.3""- Mac OS X 10.10, Yosemite",EBAY-US,111422,Apple Laptops,http://thumbs4.ebaystatic.com/m/m9HrPqZ077MmFmi2tQbEThQ/140.jpg,http://www.ebay.com/itm/Apple-Macbook-Pro-13-3-Mac-OS-X-10-10-Yosemite-/271858152139?pt=LH_DefaultDomain_0,PayPal,false,34772,"Saint Cloud,FL,USA",US,500.0,500.0,0,Active,P0DT23H6M4S,false,true,760.0,760.0,2015-05-03T01:29:56.000Z,2015-05-13T01:29:56.000Z,AuctionWithBIN,false,false,None,false,false,84755204,Perfect Condition! This MBP is a POWERHOUSE
221770498095,"Awesome  MacBook Pro 15"" 2.2 500GB |CS6 Master| FCPX | OffX|VDJ FREE SHIPPING!",EBAY-US,111422,Apple Laptops,http://thumbs4.ebaystatic.com/m/mnJ92FMwXvEcehEppc5R9GA/140.jpg,http://www.ebay.com/itm/Awesome-MacBook-Pro-15-2-2-500GB-CS6-Master-FCPX-OffX-VDJ-FREE-SHIPPING-/221770498095?pt=LH_DefaultDomain_0,PayPal,true,15235,"Pittsburgh,PA,USA",US,599.99,599.99,0,Active,P0DT23H39M53S,false,true,799.99,799.99,2015-05-12T02:03:45.000Z,2015-05-13T02:03:45.000Z,AuctionWithBIN,false,false,None,false,false,84755204,Perfect Condition! This MBP is a POWERHOUSE
281683830014,"Apple Macbook Pro 15.4"" (2008) 2.40GHz, 250GB, 2GB, Intel Core 2 Duo",EBAY-US,111422,Apple Laptops,http://thumbs3.ebaystatic.com/m/msfn_0l01muz4jXLfgduk0w/140.jpg,http://www.ebay.com/itm/Apple-Macbook-Pro-15-4-2008-2-40GHz-250GB-2GB-Intel-Core-2-Duo-/281683830014?pt=LH_DefaultDomain_0,PayPal,true,02130,"Jamaica Plain,MA,USA",US,91.0,91.0,2,Active,P1DT0H3M28S,false,true,299.0,299.0,2015-05-06T14:27:20.000Z,2015-05-13T02:27:20.000Z,AuctionWithBIN,false,true,None,false,false,84755204,Perfect Condition! This MBP is a POWERHOUSE
221766592267,"Empty Box for Apple MacBook Pro 15.4"" Retina model 2.2GHz/16GB/256GB ""LAST ONE""",EBAY-US,111422,Apple Laptops,http://thumbs4.ebaystatic.com/m/md-NPc71ij73eUd0EDUKqtQ/140.jpg,http://www.ebay.com/itm/Empty-Box-Apple-MacBook-Pro-15-4-Retina-model-2-2GHz-16GB-256GB-LAST-ONE-/221766592267?pt=LH_DefaultDomain_0,PayPal,true,19137,"Philadelphia,PA,USA",US,0.01,0.01,0,Active,P1DT0H59M3S,false,true,100.0,100.0,2015-05-08T03:22:55.000Z,2015-05-13T03:22:55.000Z,AuctionWithBIN,false,false,None,false,false,84755204,Perfect Condition! This MBP is a POWERHOUSE
251949076909,"Apple MacBook Pro 15.4"" Intel Core i7 2.2 GHZ,8GB RAM, 500GB 10.7 XTRA SOFT M5",EBAY-US,111422,Apple Laptops,http://thumbs2.ebaystatic.com/m/mlWNSXOG1GSgXc1U2TRkmNg/140.jpg,http://www.ebay.com/itm/Apple-MacBook-Pro-15-4-Intel-Core-i7-2-2-GHZ-8GB-RAM-500GB-10-7-XTRA-SOFT-M5-/251949076909?pt=LH_DefaultDomain_0,PayPal,false,19137,USA,US,599.0,599.0,0,Active,P1DT1H3M48S,false,true,780.0,780.0,2015-05-06T03:27:40.000Z,2015-05-13T03:27:40.000Z,AuctionWithBIN,false,true,None,false,false,208292445,Perfect Condition! This MBP is a POWERHOUSE
121639807555,"Apple MacBook Pro 15.4"" Laptop - MB471LL/A (October, 2008)",EBAY-US,111422,Apple Laptops,http://thumbs4.ebaystatic.com/m/my_xiFwGCIBckwJLVP0Vvsg/140.jpg,http://www.ebay.com/itm/Apple-MacBook-Pro-15-4-Laptop-MB471LL-A-October-2008-/121639807555?pt=LH_DefaultDomain_0,PayPal,true,90069,"West Hollywood,CA,USA",US,200.0,200.0,0,Active,P1DT1H35M2S,false,true,350.0,350.0,2015-05-03T03:58:54.000Z,2015-05-13T03:58:54.000Z,AuctionWithBIN,false,false,None,false,false,78119865,Perfect Condition! This MBP is a POWERHOUSE
181740648297,"Apple MacBook Pro 13.3"" Laptop (March, 2009)",EBAY-US,111422,Apple Laptops,http://thumbs2.ebaystatic.com/m/mLvMbfG6q3gv2scpOWyfkPg/140.jpg,http://www.ebay.com/itm/Apple-MacBook-Pro-13-3-Laptop-March-2009-/181740648297?pt=LH_DefaultDomain_0,PayPal,false,20720,"Bowie,MD,USA",US,200.0,200.0,0,Active,P1DT2H13M3S,false,true,350.0,350.0,2015-05-10T04:36:55.000Z,2015-05-13T04:36:55.000Z,AuctionWithBIN,false,false,None,false,false,109254944,Perfect Condition! This MBP is a POWERHOUSE
251954272582,Apple Macbook Pro 15.4 with 1080p screen,EBAY-US,111422,Apple Laptops,http://thumbs3.ebaystatic.com/m/mm9Sj8pMM-Groo3wIK3lx7A/140.jpg,http://www.ebay.com/itm/Apple-Macbook-Pro-15-4-1080p-screen-/251954272582?pt=LH_DefaultDomain_0,PayPal,true,45827,"Cloverdale,OH,USA",US,400.0,400.0,0,Active,P1DT2H16M38S,false,true,725.0,725.0,2015-05-10T04:40:30.000Z,2015-05-13T04:40:30.000Z,AuctionWithBIN,false,false,None,false,false,109254944,Perfect Condition! This MBP is a POWERHOUSE
231557357703,macbook pro LATEST MODEL,EBAY-US,111422,Apple Laptops,http://thumbs4.ebaystatic.com/m/mHVxhZBVL4n9uW0kBY2dcdA/140.jpg,http://www.ebay.com/itm/macbook-pro-LATEST-MODEL-/231557357703?pt=LH_DefaultDomain_0,PayPal,false,02131,"Roslindale,MA,USA",US,900.0,900.0,20,Active,P1DT4H26M41S,false,true,1200.0,1200.0,2015-05-10T06:50:33.000Z,2015-05-13T06:50:33.000Z,AuctionWithBIN,false,false,None,false,false,109254944,BRAND NEW NEVER OPENED MACBOOK PRO 13.3INCH
251949477707,"15"" Macbook Pro",EBAY-US,111422,Apple Laptops,http://thumbs4.ebaystatic.com/m/mGl7kuNf61WGiH2_J9H8Ttw/140.jpg,http://www.ebay.com/itm/15-Macbook-Pro-/251949477707?pt=LH_DefaultDomain_0,PayPal,false,37127,"Murfreesboro,TN,USA",US,207.5,207.5,5,Active,P1DT10H41M51S,false,true,450.0,450.0,2015-05-06T13:05:43.000Z,2015-05-13T13:05:43.000Z,AuctionWithBIN,false,false,None,false,false,109254944,BRAND NEW NEVER OPENED MACBOOK PRO 13.3INCH
251945191795,"Macbook Pro 15"" Mid 2009",EBAY-US,111422,Apple Laptops,http://thumbs4.ebaystatic.com/m/mb-Klsvw9mzggjLuC6noFIw/140.jpg,http://www.ebay.com/itm/Macbook-Pro-15-Mid-2009-/251945191795?pt=LH_DefaultDomain_0,PayPal,true,20851,"Rockville,MD,USA",US,350.0,350.0,0,Active,P1DT11H0M55S,false,true,480.0,480.0,2015-05-03T13:24:47.000Z,2015-05-13T13:24:47.000Z,AuctionWithBIN,false,false,None,false,false,109254944,BRAND NEW NEVER OPENED MACBOOK PRO 13.3INCH
221768935674,"Apple MacBook Pro 15.4"" Laptop - MC118LL/A (June, 2009)",EBAY-US,111422,Apple Laptops,http://thumbs3.ebaystatic.com/m/mW1fAdo1yAIOuOZbfnzKGag/140.jpg,http://www.ebay.com/itm/Apple-MacBook-Pro-15-4-Laptop-MC118LL-A-June-2009-/221768935674?pt=LH_DefaultDomain_0,PayPal,false,80226,"Denver,CO,USA",US,300.0,300.0,0,Active,P1DT11H14M19S,false,true,400.0,400.0,2015-05-10T13:38:11.000Z,2015-05-13T13:38:11.000Z,AuctionWithBIN,false,false,None,false,false,78136059,BRAND NEW NEVER OPENED MACBOOK PRO 13.3INCH
161696738192,"MacBook Pro Retina 13.3"" A1502 8GB RAM 256GB SSD Late 2013 Apple i5",EBAY-US,111422,Apple Laptops,http://thumbs1.ebaystatic.com/m/mUO_mwolj_4QliQBpHUd7nA/140.jpg,http://www.ebay.com/itm/MacBook-Pro-Retina-13-3-A1502-8GB-RAM-256GB-SSD-Late-2013-Apple-i5-/161696738192?pt=LH_DefaultDomain_0,PayPal,false,30809,"Evans,GA,USA",US,599.0,599.0,0,Active,P1DT11H49M58S,false,true,999.0,999.0,2015-05-06T14:13:50.000Z,2015-05-13T14:13:50.000Z,AuctionWithBIN,false,false,None,false,false,174472295,BRAND NEW NEVER OPENED MACBOOK PRO 13.3INCH
181741088400,"Apple Macbook Pro Mid 2010 15"" 2.40GHz Core 2 Duo, 4GB Ram, 320GB HD, Yosemite",EBAY-US,111422,Apple Laptops,http://thumbs1.ebaystatic.com/m/myh-bUz9Ozpat0dhyY96UiA/140.jpg,http://www.ebay.com/itm/Apple-Macbook-Pro-Mid-2010-15-2-40GHz-Core-2-Duo-4GB-Ram-320GB-HD-Yosemite-/181741088400?pt=LH_DefaultDomain_0,PayPal,false,20785,"Hyattsville,MD,USA",US,300.0,300.0,0,Active,P1DT12H39M38S,false,true,500.0,500.0,2015-05-10T15:03:30.000Z,2015-05-13T15:03:30.000Z,AuctionWithBIN,false,false,None,false,false,174472295,BRAND NEW NEVER OPENED MACBOOK PRO 13.3INCH
271865972070,MacBook Pro retina 13.3'' Mid 2013,EBAY-US,111422,Apple Laptops,http://thumbs3.ebaystatic.com/m/mRPpt8LfUygYBO5nehyRkMw/140.jpg,http://www.ebay.com/itm/MacBook-Pro-retina-13-3-Mid-2013-/271865972070?pt=LH_DefaultDomain_0,PayPal,true,33196,"Miami,FL,USA",US,359.99,359.99,1,Active,P1DT12H58M46S,false,true,895.0,895.0,2015-05-10T15:22:38.000Z,2015-05-13T15:22:38.000Z,AuctionWithBIN,false,true,None,false,false,174485542,BRAND NEW NEVER OPENED MACBOOK PRO 13.3INCH
331547843751,Apple MacBook Pro A1398,EBAY-US,111422,Apple Laptops,http://thumbs4.ebaystatic.com/m/mxFMJASEsM8z1I07opC9l9w/140.jpg,http://www.ebay.com/itm/Apple-MacBook-Pro-A1398-/331547843751?pt=LH_DefaultDomain_0,PayPal,true,84115,"Salt Lake City,UT,USA",US,799.0,799.0,0,Active,P1DT14H0M56S,false,true,1200.0,1200.0,2015-05-06T16:24:48.000Z,2015-05-13T16:24:48.000Z,AuctionWithBIN,false,true,None,false,false,174485542,BRAND NEW NEVER OPENED MACBOOK PRO 13.3INCH
161701071215,Apple MacBook Pro 13.3” Intel Core 2 Duo 2.4 GHz 4GB 500GB HDD MC374LL/A  A1278,EBAY-US,111422,Apple Laptops,http://thumbs4.ebaystatic.com/m/mRoJjseF7PNwKo_23p7Z8pQ/140.jpg,http://www.ebay.com/itm/Apple-MacBook-Pro-13-3-Intel-Core-2-Duo-2-4-GHz-4GB-500GB-HDD-MC374LL-A-A1278-/161701071215?pt=LH_DefaultDomain_0,PayPal,true,84115,USA,US,295.95,295.95,0,Active,P1DT14H42M1S,false,true,395.0,395.0,2015-05-10T17:05:53.000Z,2015-05-13T17:05:53.000Z,AuctionWithBIN,false,true,None,false,false,108850048,BRAND NEW NEVER OPENED MACBOOK PRO 13.3INCH
271864161206,"Apple MacBook Pro 17"" Laptop (A-1261) - (February, 2008)",EBAY-US,111422,Apple Laptops,http://thumbs3.ebaystatic.com/m/mAYgdbKaMuRRfoz1B0SbB3g/140.jpg,http://www.ebay.com/itm/Apple-MacBook-Pro-17-Laptop-A-1261-February-2008-/271864161206?pt=LH_DefaultDomain_0,PayPal,true,63128,"Saint Louis,MO,USA",US,39.95,39.95,0,Active,P1DT15H0M37S,false,true,70.0,70.0,2015-05-08T17:24:29.000Z,2015-05-13T17:24:29.000Z,AuctionWithBIN,false,false,None,false,false,78157550,BRAND NEW NEVER OPENED MACBOOK PRO 13.3INCH
191574247930,MacBook Pro 13 A1278 2012 2.5ghz i5 5gb 500gb with Applecare warranty Aug.2015,EBAY-US,111422,Apple Laptops,http://thumbs3.ebaystatic.com/m/msbdDAtf7cBWsQkFg89c0rA/140.jpg,http://www.ebay.com/itm/MacBook-Pro-13-A1278-2012-2-5ghz-i5-5gb-500gb-Applecare-warranty-Aug-2015-/191574247930?pt=LH_DefaultDomain_0,PayPal,false,92064,"Poway,CA,USA",US,699.0,699.0,0,Active,P1DT15H17M33S,false,true,975.0,975.0,2015-05-06T17:41:25.000Z,2015-05-13T17:41:25.000Z,AuctionWithBIN,false,true,None,false,false,78157550,BRAND NEW NEVER OPENED MACBOOK PRO 13.3INCH
171782540393,"2011 Macbook Pro 15"" i7 2.3gHz Processor 8GB DDR3 RAM 250GB SSD HD6750M Yosemite",EBAY-US,111422,Apple Laptops,http://thumbs2.ebaystatic.com/m/mUXi2-1rRWKRQVh2vIdaT2Q/140.jpg,http://www.ebay.com/itm/2011-Macbook-Pro-15-i7-2-3gHz-Processor-8GB-DDR3-RAM-250GB-SSD-HD6750M-Yosemite-/171782540393?pt=LH_DefaultDomain_0,PayPal,true,12159,"Slingerlands,NY,USA",US,455.0,455.0,15,Active,P1DT15H29M59S,false,true,1199.99,1199.99,2015-05-08T17:53:51.000Z,2015-05-13T17:53:51.000Z,AuctionWithBIN,false,false,None,false,false,78157550,BRAND NEW NEVER OPENED MACBOOK PRO 13.3INCH
301622907212,"Early 2014 13"" Macbook Pro Non-Retina i7 8Gb RAM",EBAY-US,111422,Apple Laptops,http://thumbs1.ebaystatic.com/m/mkkVRI-fqgl9vGbG39N-EpA/140.jpg,http://www.ebay.com/itm/Early-2014-13-Macbook-Pro-Non-Retina-i7-8Gb-RAM-/301622907212?pt=LH_DefaultDomain_0,PayPal,false,37042,"Clarksville,TN,USA",US,850.0,850.0,0,Active,P1DT15H33M45S,false,true,1200.0,1200.0,2015-05-06T17:57:37.000Z,2015-05-13T17:57:37.000Z,AuctionWithBIN,false,true,None,false,false,78157550,BRAND NEW NEVER OPENED MACBOOK PRO 13.3INCH
291452446450,"Macbook Pro 15.4"" Late 2009 8GB RAM 250GB No Screen",EBAY-US,111422,Apple Laptops,http://thumbs3.ebaystatic.com/m/mrJiUDC7FRbCqGZha4yQo6g/140.jpg,http://www.ebay.com/itm/Macbook-Pro-15-4-Late-2009-8GB-RAM-250GB-No-Screen-/291452446450?pt=LH_DefaultDomain_0,PayPal,true,77057,"Houston,TX,USA",US,61.0,61.0,4,Active,P1DT16H2M35S,false,true,180.0,180.0,2015-05-03T18:26:27.000Z,2015-05-13T18:26:27.000Z,AuctionWithBIN,false,false,None,false,false,78157550,BRAND NEW NEVER OPENED MACBOOK PRO 13.3INCH
221769266219,"Apple MacBook Pro MacBook Pro 13.3"" Laptop - ME865LL/A (October, 2013)...",EBAY-US,111422,Apple Laptops,http://thumbs4.ebaystatic.com/m/mWOr8xc0mQ8fAIFaLtFkzGg/140.jpg,http://www.ebay.com/itm/Apple-MacBook-Pro-MacBook-Pro-13-3-Laptop-ME865LL-A-October-2013-/221769266219?pt=LH_DefaultDomain_0,PayPal,true,22033,"Fairfax,VA,USA",US,800.0,800.0,0,Active,P1DT16H31M32S,false,true,1099.99,1099.99,2015-05-10T18:55:24.000Z,2015-05-13T18:55:24.000Z,AuctionWithBIN,false,false,None,false,false,174472295,USED MINT CONDITION MACBOOK PRO RETINA 8GB RAM
281686653744,Curvepro 747 3D Printed Magnetic Iron Macbook Pro DUO Stand   *Made In Usa,EBAY-US,111422,Apple Laptops,http://thumbs1.ebaystatic.com/m/mWt64jKkCA82OPcX2b_z5mg/140.jpg,http://www.ebay.com/itm/Curvepro-747-3D-Printed-Magnetic-Iron-Macbook-Pro-DUO-Stand-Made-Usa-/281686653744?pt=LH_DefaultDomain_0,PayPal,false,94301,"Palo Alto,CA,USA",US,65.0,65.0,0,Active,P1DT18H4M43S,false,true,85.0,85.0,2015-05-08T20:28:35.000Z,2015-05-13T20:28:35.000Z,AuctionWithBIN,false,false,None,false,false,174472295,USED MINT CONDITION MACBOOK PRO RETINA 8GB RAM
261878832409,Apple MacBook Pro Intel Core i7 2.9Ghz 8GB/500GB/WiFi/BT/Web-Cam A1278,EBAY-US,111422,Apple Laptops,http://thumbs2.ebaystatic.com/m/mXQgyYe4zsDXrX_VOTJ5C8Q/140.jpg,http://www.ebay.com/itm/Apple-MacBook-Pro-Intel-Core-i7-2-9Ghz-8GB-500GB-WiFi-BT-Web-Cam-A1278-/261878832409?pt=LH_DefaultDomain_0,PayPal,false,52351,"Walford,IA,USA",US,599.99,599.99,0,Active,P1DT19H3M3S,false,true,799.99,799.99,2015-05-06T21:26:55.000Z,2015-05-13T21:26:55.000Z,AuctionWithBIN,false,false,None,false,false,115139414,USED MINT CONDITION MACBOOK PRO RETINA 8GB RAM
321749809231,"Refurb. 2.53GHz MacBook Pro 17"" Glossy OSX Yosemite Win7Ult64 New Bttry/LogicBrd",EBAY-US,111422,Apple Laptops,http://thumbs4.ebaystatic.com/m/msylAD8z8EQNc3uxvskXwjA/140.jpg,http://www.ebay.com/itm/Refurb-2-53GHz-MacBook-Pro-17-Glossy-OSX-Yosemite-Win7Ult64-New-Bttry-LogicBrd-/321749809231?pt=LH_DefaultDomain_0,PayPal,false,94117,"San Francisco,CA,USA",US,849.99,849.99,0,Active,P1DT19H9M56S,false,true,1159.99,1159.99,2015-05-08T21:33:48.000Z,2015-05-13T21:33:48.000Z,AuctionWithBIN,false,false,None,false,false,82917494,USED MINT CONDITION MACBOOK PRO RETINA 8GB RAM
321747170815,"13"" Macbook Pro 2.3 Core i5 Upgraded 500 GB HD (7200 RPM) Laptop",EBAY-US,111422,Apple Laptops,http://thumbs4.ebaystatic.com/m/mtIAODNAlTXTm8GgmQ1reiA/140.jpg,http://www.ebay.com/itm/13-Macbook-Pro-2-3-Core-i5-Upgraded-500-GB-HD-7200-RPM-Laptop-/321747170815?pt=LH_DefaultDomain_0,PayPal,true,78702,"Austin,TX,USA",US,399.0,399.0,0,Active,P1DT19H36M29S,false,true,950.0,950.0,2015-05-06T22:00:21.000Z,2015-05-13T22:00:21.000Z,AuctionWithBIN,false,false,None,false,false,82917494,USED MINT CONDITION MACBOOK PRO RETINA 8GB RAM
221767377353,"Apple MacBook Pro 15"" Retina-2.3GHz Quad Core i7-8GB RAM-256GB Flash",EBAY-US,111422,Apple Laptops,http://thumbs2.ebaystatic.com/m/m0UuovLqb4aton41BuutAcQ/140.jpg,http://www.ebay.com/itm/Apple-MacBook-Pro-15-Retina-2-3GHz-Quad-Core-i7-8GB-RAM-256GB-Flash-/221767377353?pt=LH_DefaultDomain_0,PayPal,true,90272,"Pacific Palisades,CA,USA",US,900.0,900.0,0,Active,P1DT19H39M37S,false,true,1185.0,1185.0,2015-05-08T22:03:29.000Z,2015-05-13T22:03:29.000Z,AuctionWithBIN,false,false,None,false,false,115186026,USED MINT CONDITION MACBOOK PRO RETINA 8GB RAM
191576019340,"13"" Macbook Pro OSX 10.8 Microsoft Office Adobe Creative Suit CS6",EBAY-US,111422,Apple Laptops,http://thumbs1.ebaystatic.com/m/m_JpyRRPYLUvGno2Ga08ceg/140.jpg,http://www.ebay.com/itm/13-Macbook-Pro-OSX-10-8-Microsoft-Office-Adobe-Creative-Suit-CS6-/191576019340?pt=LH_DefaultDomain_0,PayPal,false,34203,"Bradenton,FL,USA",US,540.0,540.0,0,Active,P1DT20H28M45S,false,true,730.0,730.0,2015-05-08T22:52:37.000Z,2015-05-13T22:52:37.000Z,AuctionWithBIN,false,true,None,false,false,84755204,USED MINT CONDITION MACBOOK PRO RETINA 8GB RAM
201347704726,"Apple MacBook Pro w/ Retina Display 13.3"" 2.6GHz i5 8GB (Mid 2014) Mint",EBAY-US,111422,Apple Laptops,http://thumbs3.ebaystatic.com/m/m2y4pxKY-SbL9FYlRahdJag/140.jpg,http://www.ebay.com/itm/Apple-MacBook-Pro-w-Retina-Display-13-3-2-6GHz-i5-8GB-Mid-2014-Mint-/201347704726?pt=LH_DefaultDomain_0,PayPal,true,91006,"Arcadia,CA,USA",US,799.98,799.98,0,Active,P1DT20H35M1S,false,true,1099.98,1099.98,2015-05-10T22:58:53.000Z,2015-05-13T22:58:53.000Z,AuctionWithBIN,false,false,None,false,false,84755204,USED MINT CONDITION MACBOOK PRO RETINA 8GB RAM
251952763103,"Apple MacBook Pro 15.4"" Laptop - MD103LL/A (June, 2012)",EBAY-US,111422,Apple Laptops,http://thumbs4.ebaystatic.com/m/mGwOyCMgFKGawoK9tCxyz1Q/140.jpg,http://www.ebay.com/itm/Apple-MacBook-Pro-15-4-Laptop-MD103LL-A-June-2012-/251952763103?pt=LH_DefaultDomain_0,PayPal,false,22310,"Alexandria,VA,USA",US,800.0,800.0,0,Active,P1DT20H35M42S,false,true,1150.0,1150.0,2015-05-08T22:59:34.000Z,2015-05-13T22:59:34.000Z,AuctionWithBIN,false,false,None,false,false,115174372,USED MINT CONDITION MACBOOK PRO RETINA 8GB RAM
131507052505,"Apple MacBook Pro A1425 13.3"" Laptop - Mid (2012)",EBAY-US,111422,Apple Laptops,http://thumbs2.ebaystatic.com/m/muQLssD89wc4RW57QZKWHcg/140.jpg,http://www.ebay.com/itm/Apple-MacBook-Pro-A1425-13-3-Laptop-Mid-2012-/131507052505?pt=LH_DefaultDomain_0,PayPal,false,92630,"Lake Forest,CA,USA",US,500.0,500.0,0,Active,P1DT20H47M34S,false,true,800.0,800.0,2015-05-08T23:11:26.000Z,2015-05-13T23:11:26.000Z,AuctionWithBIN,false,false,None,false,false,129586663,USED MINT CONDITION MACBOOK PRO RETINA 8GB RAM
201346321381,"Apple MacBook Pro 2.66GHz Core 2 Duo 13"" (MC375LL/A) 4GB 320GB AS-IS NO BATTERY",EBAY-US,111422,Apple Laptops,http://thumbs2.ebaystatic.com/m/mmuvdXk0Fu3HkYWxlnMgTwg/140.jpg,http://www.ebay.com/itm/Apple-MacBook-Pro-2-66GHz-Core-2-Duo-13-MC375LL-A-4GB-320GB-AS-IS-NO-BATTERY-/201346321381?pt=LH_DefaultDomain_0,PayPal,true,92630,USA,US,199.55,199.55,0,Active,P1DT21H36M50S,false,true,345.99,345.99,2015-05-09T00:00:42.000Z,2015-05-14T00:00:42.000Z,AuctionWithBIN,false,false,None,false,false,108850048,USED MINT CONDITION MACBOOK PRO RETINA 8GB RAM
201346346812,"MacBook Pro Core i5 2.5 GHz 13"" Retina (MD213LL/A) 8GB 256GB AS-IS NO BATTERY",EBAY-US,111422,Apple Laptops,http://thumbs1.ebaystatic.com/m/mmuvdXk0Fu3HkYWxlnMgTwg/140.jpg,http://www.ebay.com/itm/MacBook-Pro-Core-i5-2-5-GHz-13-Retina-MD213LL-A-8GB-256GB-AS-IS-NO-BATTERY-/201346346812?pt=LH_DefaultDomain_0,PayPal,true,92630,USA,US,499.99,499.99,0,Active,P1DT21H36M58S,false,true,699.99,699.99,2015-05-09T00:00:50.000Z,2015-05-14T00:00:50.000Z,AuctionWithBIN,false,false,None,false,false,129572130,USED MINT CONDITION MACBOOK PRO RETINA 8GB RAM
201346441571,"Apple MacBook Pro 2.8GHz Core 2 Duo 15"" (MB986LL/A) 8GB 500GB AS-IS NO BATTERY",EBAY-US,111422,Apple Laptops,http://thumbs4.ebaystatic.com/m/mgVllPBMUM-3bfYLZNy2phA/140.jpg,http://www.ebay.com/itm/Apple-MacBook-Pro-2-8GHz-Core-2-Duo-15-MB986LL-A-8GB-500GB-AS-IS-NO-BATTERY-/201346441571?pt=LH_DefaultDomain_0,PayPal,true,92630,USA,US,211.11,211.11,0,Active,P1DT21H51M24S,false,true,409.59,409.59,2015-05-09T00:15:16.000Z,2015-05-14T00:15:16.000Z,AuctionWithBIN,false,false,None,false,false,108850068,USED MINT CONDITION MACBOOK PRO RETINA 8GB RAM
221765565582,"Apple 15.4"" Retina MacBook Pro (Mid 2012) - 2.3 GHz i7, 16 GB RAM, 256 GB SSD",EBAY-US,111422,Apple Laptops,http://thumbs3.ebaystatic.com/m/m6qeVIrV81uIprpFEGSGYsw/140.jpg,http://www.ebay.com/itm/Apple-15-4-Retina-MacBook-Pro-Mid-2012-2-3-GHz-i7-16-GB-RAM-256-GB-SSD-/221765565582?pt=LH_DefaultDomain_0,PayPal,false,43214,"Columbus,OH,USA",US,700.0,700.0,0,Active,P1DT21H56M28S,false,true,1400.0,1400.0,2015-05-07T00:20:20.000Z,2015-05-14T00:20:20.000Z,AuctionWithBIN,false,false,None,false,false,115136941,USED MINT CONDITION MACBOOK PRO RETINA 8GB RAM
201346551363,"Apple MacBook Pro A1286 15.4"" Laptop - MD318LL/A (October, 2011) 2.2GHz i7 4GB",EBAY-US,111422,Apple Laptops,http://thumbs4.ebaystatic.com/m/m5AmSP-48B47TGF002DtlAQ/140.jpg,http://www.ebay.com/itm/Apple-MacBook-Pro-A1286-15-4-Laptop-MD318LL-A-October-2011-2-2GHz-i7-4GB-/201346551363?pt=LH_DefaultDomain_0,PayPal,false,37411,"Chattanooga,TN,USA",US,600.0,600.0,0,Active,P1DT22H1M58S,false,true,950.0,950.0,2015-05-09T00:25:50.000Z,2015-05-14T00:25:50.000Z,AuctionWithBIN,false,false,None,false,false,110910365,USED MINT CONDITION MACBOOK PRO RETINA 8GB RAM
231556035654,"Apple MacBook Pro Core 2 Duo 3.06 GHz 15"" (MB986LL/A) 4GB 500GB AS-IS NO BATTERY",EBAY-US,111422,Apple Laptops,http://thumbs3.ebaystatic.com/m/mgVllPBMUM-3bfYLZNy2phA/140.jpg,http://www.ebay.com/itm/Apple-MacBook-Pro-Core-2-Duo-3-06-GHz-15-MB986LL-A-4GB-500GB-AS-IS-NO-BATTERY-/231556035654?pt=LH_DefaultDomain_0,PayPal,true,37411,USA,US,198.98,198.98,0,Active,P1DT22H21M17S,false,true,399.45,399.45,2015-05-09T00:45:09.000Z,2015-05-14T00:45:09.000Z,AuctionWithBIN,false,false,None,false,false,78157570,USED MINT CONDITION MACBOOK PRO RETINA 8GB RAM
121644030742,"MacBook Pro 15"" Core Duo 2006",EBAY-US,111422,Apple Laptops,http://thumbs3.ebaystatic.com/m/mGdhUxEbFGSKF1Pq4NQRRMg/140.jpg,http://www.ebay.com/itm/MacBook-Pro-15-Core-Duo-2006-/121644030742?pt=LH_DefaultDomain_0,PayPal,false,89123,"Las Vegas,NV,USA",US,80.0,80.0,0,Active,P1DT22H23M42S,false,true,200.0,200.0,2015-05-07T00:47:34.000Z,2015-05-14T00:47:34.000Z,AuctionWithBIN,false,false,None,false,false,78157570,USED MINT CONDITION MACBOOK PRO RETINA 8GB RAM
231556039928,"Apple MacBook Pro 2.8GHz Core 2 Duo 15"" (MB986LL/A) 4GB 500GB AS-IS NO BATTERY",EBAY-US,111422,Apple Laptops,http://thumbs1.ebaystatic.com/m/mgVllPBMUM-3bfYLZNy2phA/140.jpg,http://www.ebay.com/itm/Apple-MacBook-Pro-2-8GHz-Core-2-Duo-15-MB986LL-A-4GB-500GB-AS-IS-NO-BATTERY-/231556039928?pt=LH_DefaultDomain_0,PayPal,true,89123,USA,US,197.78,197.78,0,Active,P1DT22H36M54S,false,true,386.95,386.95,2015-05-09T01:00:46.000Z,2015-05-14T01:00:46.000Z,AuctionWithBIN,false,false,None,false,false,108850068,USED MINT CONDITION MACBOOK PRO RETINA 8GB RAM
201346373958,"Apple MacBook Pro 2.4GHz Core 2 Duo 15"" (MB470LL/A) 4GB 250GB AS-IS NO BATTERY",EBAY-US,111422,Apple Laptops,http://thumbs3.ebaystatic.com/m/mgVllPBMUM-3bfYLZNy2phA/140.jpg,http://www.ebay.com/itm/Apple-MacBook-Pro-2-4GHz-Core-2-Duo-15-MB470LL-A-4GB-250GB-AS-IS-NO-BATTERY-/201346373958?pt=LH_DefaultDomain_0,PayPal,true,89123,USA,US,299.99,299.99,0,Active,P1DT22H36M59S,false,true,399.99,399.99,2015-05-09T01:00:51.000Z,2015-05-14T01:00:51.000Z,AuctionWithBIN,false,false,None,false,false,108761124,USED MINT CONDITION MACBOOK PRO RETINA 8GB RAM
111667526634,MacBook Pro 13  Late 2011,EBAY-US,111422,Apple Laptops,http://thumbs3.ebaystatic.com/m/m9K2dgxwJN2JrKQEj8addLw/140.jpg,http://www.ebay.com/itm/MacBook-Pro-13-Late-2011-/111667526634?pt=LH_DefaultDomain_0,PayPal,false,07407,"Elmwood Park,NJ,USA",US,450.0,450.0,0,Active,P1DT22H50M5S,false,true,600.0,600.0,2015-05-11T01:13:57.000Z,2015-05-14T01:13:57.000Z,AuctionWithBIN,false,false,None,false,false,108761124,USED MINT CONDITION MACBOOK PRO RETINA 8GB RAM
391138342332,"Apple MacBook Pro 2.4GHz Core 2 Duo 15"" (Late 2008) (Unibody) (MB470LL/A)",EBAY-US,111422,Apple Laptops,http://thumbs1.ebaystatic.com/m/mgVllPBMUM-3bfYLZNy2phA/140.jpg,http://www.ebay.com/itm/Apple-MacBook-Pro-2-4GHz-Core-2-Duo-15-Late-2008-Unibody-MB470LL-A-/391138342332?pt=LH_DefaultDomain_0,PayPal,true,07407,USA,US,298.89,298.89,0,Active,P1DT22H51M56S,false,true,398.89,398.89,2015-05-09T01:15:48.000Z,2015-05-14T01:15:48.000Z,AuctionWithBIN,false,false,None,false,false,108761124,USED MINT CONDITION MACBOOK PRO RETINA 8GB RAM
391138345370,"Apple MacBook Pro 2.4GHz Core 2 Duo 15"" (MB470LL/A) 2GB 500GB AS-IS NO BATTERY",EBAY-US,111422,Apple Laptops,http://thumbs3.ebaystatic.com/m/mgVllPBMUM-3bfYLZNy2phA/140.jpg,http://www.ebay.com/itm/Apple-MacBook-Pro-2-4GHz-Core-2-Duo-15-MB470LL-A-2GB-500GB-AS-IS-NO-BATTERY-/391138345370?pt=LH_DefaultDomain_0,PayPal,true,07407,USA,US,297.79,297.79,0,Active,P1DT23H6M29S,false,true,397.79,397.79,2015-05-09T01:30:21.000Z,2015-05-14T01:30:21.000Z,AuctionWithBIN,false,false,None,false,false,108761124,USED MINT CONDITION MACBOOK PRO RETINA 8GB RAM
131503008518,"Apple MacBook Pro 13.3""",EBAY-US,111422,Apple Laptops,http://thumbs3.ebaystatic.com/m/m_n1v12aqhK5I0ho6-xzgUg/140.jpg,http://www.ebay.com/itm/Apple-MacBook-Pro-13-3-/131503008518?pt=LH_DefaultDomain_0,PayPal,true,39211,"Jackson,MS,USA",US,300.0,300.0,0,Active,P2DT0H0M50S,false,true,400.0,400.0,2015-05-04T02:24:42.000Z,2015-05-14T02:24:42.000Z,AuctionWithBIN,false,false,None,false,false,84755204,USED MINT CONDITION MACBOOK PRO RETINA 8GB RAM
141661420417,"Apple MacBook Pro - A1278 - 13.3"", 2.30GHz, 2011, 320GB, 4GB, Mac OSX Yosemite",EBAY-US,111422,Apple Laptops,http://thumbs2.ebaystatic.com/m/mj3bS_AlE2PLe6_dvzs9cug/140.jpg,http://www.ebay.com/itm/Apple-MacBook-Pro-A1278-13-3-2-30GHz-2011-320GB-4GB-Mac-OSX-Yosemite-/141661420417?pt=LH_DefaultDomain_0,PayPal,false,60175,"Saint Charles,IL,USA",US,499.99,499.99,0,Active,P2DT0H20M0S,false,true,699.99,699.99,2015-05-09T14:43:59.000Z,2015-05-14T02:43:52.000Z,AuctionWithBIN,false,false,None,false,false,84755204,USED MINT CONDITION MACBOOK PRO RETINA 8GB RAM
171780680934,"Apple MacBook Pro 13.3"" Laptop (February, 2011) - Customized SSD",EBAY-US,111422,Apple Laptops,http://thumbs3.ebaystatic.com/m/m0YeQHKhS7XApoLlTQz7QAg/140.jpg,http://www.ebay.com/itm/Apple-MacBook-Pro-13-3-Laptop-February-2011-Customized-SSD-/171780680934?pt=LH_DefaultDomain_0,PayPal,false,10017,"New York,NY,USA",US,349.0,349.0,0,Active,P2DT0H31M34S,false,true,749.0,749.0,2015-05-07T02:55:26.000Z,2015-05-14T02:55:26.000Z,AuctionWithBIN,false,false,None,false,false,108796569,USED MINT CONDITION MACBOOK PRO RETINA 8GB RAM
181737517226,Apple MacBook Pro Retina 8GB RAM - 128GB SSD (Late 2013) bundle,EBAY-US,111422,Apple Laptops,http://thumbs3.ebaystatic.com/m/mQRbj62GtFpo6JOQciSqoEg/140.jpg,http://www.ebay.com/itm/Apple-MacBook-Pro-Retina-8GB-RAM-128GB-SSD-Late-2013-bundle-/181737517226?pt=LH_DefaultDomain_0,PayPal,false,91367,"Woodland Hills,CA,USA",US,500.0,500.0,3,Active,P2DT1H29M16S,false,true,959.0,959.0,2015-05-07T03:53:08.000Z,2015-05-14T03:53:08.000Z,AuctionWithBIN,false,false,None,false,false,108796569,USED MINT CONDITION MACBOOK PRO RETINA 8GB RAM
151673389707,"Macbook Pro 13"" 2014 16GB 1 TB 2.90 i7 EXTRAS",EBAY-US,111422,Apple Laptops,http://thumbs4.ebaystatic.com/m/mA1VNiu01Asrtipm_hZM_hg/140.jpg,http://www.ebay.com/itm/Macbook-Pro-13-2014-16GB-1-TB-2-90-i7-EXTRAS-/151673389707?pt=LH_DefaultDomain_0,PayPal,false,94303,"Palo Alto,CA,USA",US,810.0,810.0,2,Active,P2DT10H13M49S,false,true,1900.0,1900.0,2015-05-07T12:37:41.000Z,2015-05-14T12:37:41.000Z,AuctionWithBIN,false,false,None,false,false,108796569,USED MINT CONDITION MACBOOK PRO RETINA 8GB RAM
261884151167,"Apple MacBook Pro A1278 13.3"" Laptop - MD101LL/A (June, 2012)",EBAY-US,111422,Apple Laptops,http://thumbs4.ebaystatic.com/m/mJGMiTJ2Kylc-zeh8K8MUCw/140.jpg,http://www.ebay.com/itm/Apple-MacBook-Pro-A1278-13-3-Laptop-MD101LL-A-June-2012-/261884151167?pt=LH_DefaultDomain_0,PayPal,true,10029,"New York,NY,USA",US,499.99,499.99,0,Active,P2DT10H27M35S,false,true,725.0,725.0,2015-05-11T12:51:27.000Z,2015-05-14T12:51:27.000Z,AuctionWithBIN,false,false,None,false,false,115174685,USED MINT CONDITION MACBOOK PRO RETINA 8GB RAM
181742112473,"Apple MacBook Pro 13.3"" Laptop with Retina Display - MGX72LL/A (Mid-2014)",EBAY-US,111422,Apple Laptops,http://thumbs2.ebaystatic.com/m/mQqObSjX7eYZFZJkBbZ6mxA/140.jpg,http://www.ebay.com/itm/Apple-MacBook-Pro-13-3-Laptop-Retina-Display-MGX72LL-A-Mid-2014-/181742112473?pt=LH_DefaultDomain_0,PayPal,true,46392,"Wheatfield,IN,USA",US,849.0,849.0,0,Active,P2DT10H31M55S,false,true,1105.0,1105.0,2015-05-11T12:55:47.000Z,2015-05-14T12:55:47.000Z,AuctionWithBIN,false,false,None,false,false,115174685,USED MINT CONDITION MACBOOK PRO RETINA 8GB RAM
121648265072,"Apple MacBook Pro 15.4"" Laptop (February, 2011) - i7",EBAY-US,111422,Apple Laptops,http://thumbs1.ebaystatic.com/m/m9vYs12gu4oZlceJVqJLheg/140.jpg,http://www.ebay.com/itm/Apple-MacBook-Pro-15-4-Laptop-February-2011-i7-/121648265072?pt=LH_DefaultDomain_0,PayPal,false,32789,"Winter Park,FL,USA",US,550.0,550.0,0,Active,P2DT10H36M20S,false,true,730.0,730.0,2015-05-11T13:00:12.000Z,2015-05-14T13:00:12.000Z,AuctionWithBIN,false,false,None,false,false,208292445,USED MINT CONDITION MACBOOK PRO RETINA 8GB RAM
181742137246,"*Rarely Used!* Apple MacBook Pro 15"" Mid 2010 ""Core i5"" 2.53GHz Read Description",EBAY-US,111422,Apple Laptops,http://thumbs3.ebaystatic.com/m/m1zVZF5ELBDUEGb0RusEEcQ/140.jpg,http://www.ebay.com/itm/Rarely-Used-Apple-MacBook-Pro-15-Mid-2010-Core-i5-2-53GHz-Read-Description-/181742137246?pt=LH_DefaultDomain_0,PayPal,true,90631,"La Habra,CA,USA",US,400.0,400.0,0,Active,P2DT10H59M47S,false,true,1000.0,1000.0,2015-05-11T13:23:39.000Z,2015-05-14T13:23:39.000Z,AuctionWithBIN,false,false,None,false,false,208292445,USED MINT CONDITION MACBOOK PRO RETINA 8GB RAM
231554045117,"Apple MacBook Pro 2.4GHz Core 2 Duo 15"" (MA896LL/A) 2GB 120GB AS-IS NO BATTERY",EBAY-US,111422,Apple Laptops,http://thumbs2.ebaystatic.com/m/m1XNPd6DrWFg5ssBIkkL7Hw/140.jpg,http://www.ebay.com/itm/Apple-MacBook-Pro-2-4GHz-Core-2-Duo-15-MA896LL-A-2GB-120GB-AS-IS-NO-BATTERY-/231554045117?pt=LH_DefaultDomain_0,PayPal,true,90631,USA,US,96.56,96.56,0,Active,P0DT0H21M19S,false,true,156.65,156.65,2015-05-07T02:45:11.000Z,2015-05-12T02:45:11.000Z,AuctionWithBIN,false,false,None,false,false,108799255,USED MINT CONDITION MACBOOK PRO RETINA 8GB RAM
161697712961,Apple MacBook Pro Model A1425 with Apple Care Plan,EBAY-US,111422,Apple Laptops,http://thumbs2.ebaystatic.com/m/mydBO5CxHPw8FnKTu1BGEMQ/140.jpg,http://www.ebay.com/itm/Apple-MacBook-Pro-Model-A1425-Apple-Care-Plan-/161697712961?pt=LH_DefaultDomain_0,PayPal,true,64133,"Kansas City,MO,USA",US,875.0,875.0,0,Active,P2DT11H20M41S,false,true,1150.0,1150.0,2015-05-07T13:44:33.000Z,2015-05-14T13:44:33.000Z,AuctionWithBIN,false,false,None,false,false,108799255,USED MINT CONDITION MACBOOK PRO RETINA 8GB RAM
111664423967,"Apple MacBook Pro 15.4"" 500 gb 4 GB 2.8 GHz Laptop (Mid 2009) with charger",EBAY-US,111422,Apple Laptops,http://thumbs4.ebaystatic.com/m/m-OeJ-fvlfqqmgrQ8kK1Org/140.jpg,http://www.ebay.com/itm/Apple-MacBook-Pro-15-4-500-gb-4-GB-2-8-GHz-Laptop-Mid-2009-charger-/111664423967?pt=LH_DefaultDomain_0,PayPal,false,48094,"Washington,MI,USA",US,380.0,380.0,0,Active,P2DT12H26M17S,false,true,599.99,599.99,2015-05-07T14:50:09.000Z,2015-05-14T14:50:09.000Z,AuctionWithBIN,false,false,None,false,false,108850068,USED MINT CONDITION MACBOOK PRO RETINA 8GB RAM
111661932637,"Apple MacBook Pro A1278 13.3"" Laptop - MD101LL/A (June, 2012)",EBAY-US,111422,Apple Laptops,http://thumbs2.ebaystatic.com/m/mLIWkcqovvDypNYPtuYnkwA/140.jpg,http://www.ebay.com/itm/Apple-MacBook-Pro-A1278-13-3-Laptop-MD101LL-A-June-2012-/111661932637?pt=LH_DefaultDomain_0,PayPal,false,35216,"Birmingham,AL,USA",US,500.0,500.0,0,Active,P2DT12H48M55S,false,true,800.0,800.0,2015-05-04T15:12:47.000Z,2015-05-14T15:12:47.000Z,AuctionWithBIN,false,false,None,false,false,115174685,USED MINT CONDITION MACBOOK PRO RETINA 8GB RAM
291457038897,"Apple MacBook Pro 15.4"" Laptop - MC372LL/A (April, 2010)",EBAY-US,111422,Apple Laptops,http://thumbs2.ebaystatic.com/m/mFYlSaVGeuM5Yr9PQw6KoRw/140.jpg,http://www.ebay.com/itm/Apple-MacBook-Pro-15-4-Laptop-MC372LL-A-April-2010-/291457038897?pt=LH_DefaultDomain_0,PayPal,false,60614,"Chicago,IL,USA",US,425.0,425.0,0,Active,P2DT13H17M51S,false,true,553.0,553.0,2015-05-08T03:41:50.000Z,2015-05-14T15:41:43.000Z,AuctionWithBIN,false,false,None,false,false,83704095,USED MINT CONDITION MACBOOK PRO RETINA 8GB RAM
141663636229,"MacBook Pro 15"" unibody MATTE DISPLAY (Mid-2010) 2.4GHz Intel i5 8GB / 750 HD",EBAY-US,111422,Apple Laptops,http://thumbs2.ebaystatic.com/m/m0AlWLJiSkWKAKoeGFNXdgQ/140.jpg,http://www.ebay.com/itm/MacBook-Pro-15-unibody-MATTE-DISPLAY-Mid-2010-2-4GHz-Intel-i5-8GB-750-HD-/141663636229?pt=LH_DefaultDomain_0,PayPal,false,47905,"Lafayette,IN,USA",US,400.0,400.0,0,Active,P2DT14H14M33S,false,true,520.0,520.0,2015-05-11T16:38:25.000Z,2015-05-14T16:38:25.000Z,AuctionWithBIN,false,true,None,false,false,83704095,USED MINT CONDITION MACBOOK PRO RETINA 8GB RAM
231554802080,MacBook Pro 13 Inch - Early 2011 2.3 GHz i5 - 4GB Ram - 320GB HDD,EBAY-US,111422,Apple Laptops,http://thumbs1.ebaystatic.com/m/mzvs7mX-ElACvBDEjVRY6Bw/140.jpg,http://www.ebay.com/itm/MacBook-Pro-13-Inch-Early-2011-2-3-GHz-i5-4GB-Ram-320GB-HDD-/231554802080?pt=LH_DefaultDomain_0,PayPal,true,22305,"Alexandria,VA,USA",US,500.0,500.0,0,Active,P2DT14H15M11S,false,true,650.0,650.0,2015-05-07T16:39:03.000Z,2015-05-14T16:39:03.000Z,AuctionWithBIN,false,false,None,false,false,99741550,USED MINT CONDITION MACBOOK PRO RETINA 8GB RAM
181742331523,APPLE MACBOOK PRO 13-INCH HIGH-PERFORMANCE NOTEBOOK WITH RETINA DISPLAY,EBAY-US,111422,Apple Laptops,http://thumbs4.ebaystatic.com/m/m9khZdysNU1nn9r-dykQH6g/140.jpg,http://www.ebay.com/itm/APPLE-MACBOOK-PRO-13-INCH-HIGH-PERFORMANCE-NOTEBOOK-RETINA-DISPLAY-/181742331523?pt=LH_DefaultDomain_0,PayPal,false,02532,"Buzzards Bay,MA,USA",US,850.0,850.0,0,Active,P2DT14H21M49S,false,true,1200.0,1200.0,2015-05-11T16:45:41.000Z,2015-05-14T16:45:41.000Z,AuctionWithBIN,false,false,None,false,false,99741550,USED MINT CONDITION MACBOOK PRO RETINA 8GB RAM
321748638701,"Apple MacBook Pro 13.3"" 2.53 GHz  Laptop (JUNE 2009   APRIL 2010 ) - Customized",EBAY-US,111422,Apple Laptops,http://thumbs2.ebaystatic.com/m/m25W5wq2TTgD0P58UQmH-9w/140.jpg,http://www.ebay.com/itm/Apple-MacBook-Pro-13-3-2-53-GHz-Laptop-JUNE-2009-APRIL-2010-Customized-/321748638701?pt=LH_DefaultDomain_0,PayPal,false,19350,"Landenberg,PA,USA",US,400.0,400.0,0,Active,P2DT14H23M17S,false,true,550.0,550.0,2015-05-07T16:47:09.000Z,2015-05-14T16:47:09.000Z,AuctionWithBIN,false,false,None,false,false,108837583,8 GIGS OF RAM & 500 GIG HD
271867147924,"Apple MacBook Pro 15.4"" Laptop - MC373LL/A (April, 2010) 8 GB RAM 1TB Hard Drive",EBAY-US,111422,Apple Laptops,http://thumbs1.ebaystatic.com/m/mBuzEl5-Zls0ScDM05EhL_g/140.jpg,http://www.ebay.com/itm/Apple-MacBook-Pro-15-4-Laptop-MC373LL-A-April-2010-8-GB-RAM-1TB-Hard-Drive-/271867147924?pt=LH_DefaultDomain_0,PayPal,true,98134,"Seattle,WA,USA",US,0.99,0.99,1,Active,P2DT14H30M28S,false,true,650.0,650.0,2015-05-11T16:54:20.000Z,2015-05-14T16:54:20.000Z,AuctionWithBIN,false,false,None,false,false,84779062,8 GIGS OF RAM & 500 GIG HD
321748646755,"Apple MacBook Pro 15.4"" Laptop (FEB 2011 ) - Customized",EBAY-US,111422,Apple Laptops,http://thumbs4.ebaystatic.com/m/mo0dABcHrmSiOqSFDiUNjpw/140.jpg,http://www.ebay.com/itm/Apple-MacBook-Pro-15-4-Laptop-FEB-2011-Customized-/321748646755?pt=LH_DefaultDomain_0,PayPal,false,19350,"Landenberg,PA,USA",US,700.0,700.0,0,Active,P2DT14H33M6S,false,true,950.0,950.0,2015-05-07T16:56:58.000Z,2015-05-14T16:56:58.000Z,AuctionWithBIN,false,false,None,false,false,110969698,8 GIGS OF RAM & 240 SSD & 1 TB 7200 RPM HD
191577937424,"Apple MacBook Pro 13.3"" with Retina Display (February, 2013) 2.8/16/512",EBAY-US,111422,Apple Laptops,http://thumbs1.ebaystatic.com/m/mpN-2LsLTH6d1SQItzvPXqw/140.jpg,http://www.ebay.com/itm/Apple-MacBook-Pro-13-3-Retina-Display-February-2013-2-8-16-512-/191577937424?pt=LH_DefaultDomain_0,PayPal,true,33179,"Miami,FL,USA",US,71.0,71.0,6,Active,P2DT14H47M35S,false,true,1750.0,1750.0,2015-05-11T17:11:27.000Z,2015-05-14T17:11:27.000Z,AuctionWithBIN,false,false,None,false,false,143381227,8 GIGS OF RAM & 240 SSD & 1 TB 7200 RPM HD
131506026174,"Apple Macbook Pro 13.3"" A1278 8GB RAM 250 GB SSD",EBAY-US,111422,Apple Laptops,http://thumbs3.ebaystatic.com/m/myCAMzC5O52AajSMroL5c9w/140.jpg,http://www.ebay.com/itm/Apple-Macbook-Pro-13-3-A1278-8GB-RAM-250-GB-SSD-/131506026174?pt=LH_DefaultDomain_0,PayPal,true,92101,"San Diego,CA,USA",US,250.0,250.0,0,Active,P2DT15H2M34S,false,true,500.0,500.0,2015-05-07T17:26:26.000Z,2015-05-14T17:26:26.000Z,AuctionWithBIN,false,true,None,false,false,143381227,8 GIGS OF RAM & 240 SSD & 1 TB 7200 RPM HD
261882198901,"Apple MacBook Pro Core Intel Quad i7 2GHz 8GB 500GB 15.4"" A1286 (CS5 Collection)",EBAY-US,111422,Apple Laptops,http://thumbs2.ebaystatic.com/m/m2AUu2PpInDmU5JpT0iC0iw/140.jpg,http://www.ebay.com/itm/Apple-MacBook-Pro-Core-Intel-Quad-i7-2GHz-8GB-500GB-15-4-A1286-CS5-Collection-/261882198901?pt=LH_DefaultDomain_0,PayPal,true,59101,"Billings,MT,USA",US,699.0,699.0,0,Active,P2DT15H54M6S,false,true,1099.99,1099.99,2015-05-09T18:17:58.000Z,2015-05-14T18:17:58.000Z,AuctionWithBIN,false,false,None,false,false,110910365,8 GIGS OF RAM & 240 SSD & 1 TB 7200 RPM HD
181740262941,"MacBook Pro 17"" - 320GB - 2.66GHz - 4GB RAM - Broken For Parts",EBAY-US,111422,Apple Laptops,http://thumbs2.ebaystatic.com/m/mj7fhV-wbSyNuNjm7LYb_Mg/140.jpg,http://www.ebay.com/itm/MacBook-Pro-17-320GB-2-66GHz-4GB-RAM-Broken-Parts-/181740262941?pt=LH_DefaultDomain_0,PayPal,true,19104,"Philadelphia,PA,USA",US,199.0,199.0,0,Active,P2DT16H4M41S,false,true,275.0,275.0,2015-05-09T18:28:33.000Z,2015-05-14T18:28:33.000Z,AuctionWithBIN,false,false,None,false,false,110910365,8 GIGS OF RAM & 240 SSD & 1 TB 7200 RPM HD
221769590316,"MINT CONDITON Apple Retina MacBook Pro 13"" 2.6GHz 8GB 128GB Mid 2014",EBAY-US,111422,Apple Laptops,http://thumbs1.ebaystatic.com/m/mqAyncwQZa8QuWgGkzy0IVA/140.jpg,http://www.ebay.com/itm/MINT-CONDITON-Apple-Retina-MacBook-Pro-13-2-6GHz-8GB-128GB-Mid-2014-/221769590316?pt=LH_DefaultDomain_0,PayPal,true,01756,"Mendon,MA,USA",US,910.0,910.0,5,Active,P0DT0H44M26S,false,true,1100.0,1100.0,2015-05-11T03:08:18.000Z,2015-05-12T03:08:18.000Z,AuctionWithBIN,false,false,None,false,false,203733933,8 GIGS OF RAM & 240 SSD & 1 TB 7200 RPM HD
301629305429,"Apple MacBook Pro A1286 15.4"" Laptop - MD322LL/A (October, 2011)",EBAY-US,111422,Apple Laptops,http://thumbs2.ebaystatic.com/m/ma-oU-5n3GGsGMtsuO1aCLQ/140.jpg,http://www.ebay.com/itm/Apple-MacBook-Pro-A1286-15-4-Laptop-MD322LL-A-October-2011-/301629305429?pt=LH_DefaultDomain_0,PayPal,false,85020,"Phoenix,AZ,USA",US,400.0,400.0,0,Active,P2DT16H43M24S,false,true,650.0,650.0,2015-05-11T19:08:17.000Z,2015-05-14T19:07:16.000Z,AuctionWithBIN,false,false,None,false,false,110923106,8 GIGS OF RAM & 240 SSD & 1 TB 7200 RPM HD
171781414873,"Apple MacBook Pro 15.4"" Laptop (Mid 2012) - Customized",EBAY-US,111422,Apple Laptops,http://thumbs2.ebaystatic.com/m/mle6QZyQqa9KLmfkTqa0nRw/140.jpg,http://www.ebay.com/itm/Apple-MacBook-Pro-15-4-Laptop-Mid-2012-Customized-/171781414873?pt=LH_DefaultDomain_0,PayPal,false,98115,"Seattle,WA,USA",US,900.0,900.0,0,Active,P2DT16H52M57S,false,true,1800.0,1800.0,2015-05-07T19:16:49.000Z,2015-05-14T19:16:49.000Z,AuctionWithBIN,false,false,None,false,false,115186026,8 GIGS OF RAM & 240 SSD & 1 TB 7200 RPM HD
321750725580,"Apple MacBook Pro 15"" Mid 2009 3.06 GHz w/ 512GB M4 Crucial SSD",EBAY-US,111422,Apple Laptops,http://thumbs1.ebaystatic.com/m/md-ZmIsFHFezaDOwE08rEQQ/140.jpg,http://www.ebay.com/itm/Apple-MacBook-Pro-15-Mid-2009-3-06-GHz-w-512GB-M4-Crucial-SSD-/321750725580?pt=LH_DefaultDomain_0,PayPal,false,14475,"Ionia,NY,USA",US,250.0,250.0,0,Active,P2DT16H55M48S,false,true,500.0,500.0,2015-05-09T19:19:40.000Z,2015-05-14T19:19:40.000Z,AuctionWithBIN,false,false,None,false,false,115186026,8 GIGS OF RAM & 240 SSD & 1 TB 7200 RPM HD
221766336846,"Apple MacBook Pro 15.4"" Laptop (January, 2006)",EBAY-US,111422,Apple Laptops,http://thumbs3.ebaystatic.com/m/mo7UhAUJ2AQcFTeNPk8l_TQ/140.jpg,http://www.ebay.com/itm/Apple-MacBook-Pro-15-4-Laptop-January-2006-/221766336846?pt=LH_DefaultDomain_0,PayPal,false,02140,"Cambridge,MA,USA",US,122.5,122.5,10,Active,P2DT17H59M31S,false,true,200.0,200.0,2015-05-07T20:23:23.000Z,2015-05-14T20:23:23.000Z,AuctionWithBIN,false,false,None,false,false,108796619,8 GIGS OF RAM & 240 SSD & 1 TB 7200 RPM HD
